Symbol,Date,Expiry,Change in OI,Open Interest,Number of Contracts,CE Open,CE High,CE Low,CE Close,Strike Price,Underlying,PE Strike Price,PE Open,PE High,PE Low,PE Close,PE Number of Contracts,PE Change in OI,PE Open Interest
DLF,2019-04-26,2019-05-30,0,0,0,0.0,0.0,0.0,66.7,100.0,174.3,245.0,0.0,0.0,0.0,64.0,0,0,2600
DLF,2019-04-26,2019-05-30,0,62400,1,0.3,0.3,0.3,0.3,240.0,174.3,135.0,0.0,0.0,0.0,2.95,0,0,0
DLF,2019-04-26,2019-05-30,0,0,0,0.0,0.0,0.0,1.75,235.0,174.3,240.0,0.0,0.0,0.0,62.0,0,0,10400
DLF,2019-04-26,2019-05-30,54600,98800,26,0.4,0.5,0.4,0.5,230.0,174.3,130.0,0.0,0.0,0.0,2.1,0,0,0
DLF,2019-04-26,2019-05-30,0,5200,1,0.5,0.5,0.5,0.5,225.0,174.3,235.0,0.0,0.0,0.0,57.0,0,0,7800
DLF,2019-04-26,2019-05-30,49400,88400,69,1.05,1.05,0.65,0.75,220.0,174.3,165.0,4.1,5.1,4.1,4.75,108,85800,132600
DLF,2019-04-26,2019-05-30,2600,10400,1,1.0,1.0,1.0,1.0,215.0,174.3,230.0,0.0,0.0,0.0,52.5,0,0,10400
DLF,2019-04-26,2019-05-30,111800,262600,76,1.25,1.35,1.15,1.25,210.0,174.3,115.0,0.0,0.0,0.0,0.6,0,0,0
DLF,2019-04-26,2019-05-30,23400,44200,33,2.05,2.1,1.45,1.65,205.0,174.3,225.0,0.0,0.0,0.0,58.05,0,0,0
DLF,2019-04-26,2019-05-30,161200,715000,649,3.15,3.2,2.1,2.25,200.0,174.3,220.0,43.0,43.0,43.0,43.0,1,2600,39000
DLF,2019-04-26,2019-05-30,59800,254800,140,4.3,4.3,2.95,3.1,195.0,174.3,160.0,2.9,3.7,2.9,3.35,228,122200,353600
DLF,2019-04-26,2019-05-30,709800,1027000,624,5.6,5.6,3.8,4.25,190.0,174.3,125.0,0.0,0.0,0.0,1.45,0,0,0
DLF,2019-04-26,2019-05-30,119600,195000,156,7.65,7.65,5.0,5.65,185.0,174.3,215.0,0.0,0.0,0.0,36.55,0,0,5200
DLF,2019-04-26,2019-05-30,343200,473200,438,9.6,9.6,6.6,7.45,180.0,174.3,155.0,2.3,2.5,2.25,2.4,19,18200,31200
DLF,2019-04-26,2019-05-30,109200,174200,88,11.55,11.55,8.8,9.85,175.0,174.3,210.0,0.0,0.0,0.0,33.75,0,0,5200
DLF,2019-04-26,2019-05-30,62400,93600,33,13.1,13.95,11.75,11.85,170.0,174.3,100.0,0.0,0.0,0.0,0.1,0,0,0
DLF,2019-04-26,2019-05-30,2600,5200,1,15.5,15.5,15.5,15.5,165.0,174.3,205.0,0.0,0.0,0.0,30.0,0,0,2600
DLF,2019-04-26,2019-05-30,0,26000,2,20.8,20.8,17.8,17.8,160.0,174.3,150.0,1.95,1.95,1.5,1.65,56,78000,114400
DLF,2019-04-26,2019-05-30,0,0,0,0.0,0.0,0.0,21.35,155.0,174.3,200.0,25.0,27.0,24.25,25.9,14,10400,176800
DLF,2019-04-26,2019-05-30,0,0,0,0.0,0.0,0.0,24.4,150.0,174.3,195.0,21.95,22.0,21.95,22.0,2,-5200,15600
DLF,2019-04-26,2019-05-30,0,0,0,0.0,0.0,0.0,27.75,145.0,174.3,145.0,0.0,0.0,0.0,5.35,0,0,0
DLF,2019-04-26,2019-05-30,0,5200,0,0.0,0.0,0.0,40.0,140.0,174.3,110.0,0.0,0.0,0.0,0.35,0,0,0
DLF,2019-04-26,2019-05-30,0,0,0,0.0,0.0,0.0,35.15,135.0,174.3,190.0,17.75,18.45,17.75,18.25,10,-2600,296400
DLF,2019-04-26,2019-05-30,0,0,0,0.0,0.0,0.0,39.2,130.0,174.3,140.0,0.0,0.0,0.0,4.0,0,0,0
DLF,2019-04-26,2019-05-30,0,0,0,0.0,0.0,0.0,43.45,125.0,174.3,185.0,13.5,14.85,13.5,14.85,6,15600,33800
DLF,2019-04-26,2019-05-30,0,0,0,0.0,0.0,0.0,47.85,120.0,174.3,120.0,0.0,0.0,0.0,0.95,0,0,0
DLF,2019-04-26,2019-05-30,0,0,0,0.0,0.0,0.0,52.45,115.0,174.3,180.0,10.15,12.05,10.15,11.5,118,135200,371800
DLF,2019-04-26,2019-05-30,0,0,0,0.0,0.0,0.0,57.1,110.0,174.3,105.0,0.0,0.0,0.0,0.2,0,0,0
DLF,2019-04-26,2019-05-30,0,0,0,0.0,0.0,0.0,61.85,105.0,174.3,175.0,7.7,9.4,7.7,8.85,155,78000,221000
DLF,2019-04-26,2019-05-30,0,0,0,0.0,0.0,0.0,0.85,245.0,174.3,170.0,5.65,7.0,5.65,6.55,284,228800,325000
DLF,2019-04-30,2019-05-30,5200,267800,91,1.1,1.1,0.8,1.05,210.0,172.75,240.0,0.0,0.0,0.0,62.0,0,0,10400
DLF,2019-04-30,2019-05-30,0,0,0,0.0,0.0,0.0,66.7,100.0,172.75,235.0,0.0,0.0,0.0,57.0,0,0,7800
DLF,2019-04-30,2019-05-30,0,0,0,0.0,0.0,0.0,0.85,245.0,172.75,230.0,0.0,0.0,0.0,52.5,0,0,10400
DLF,2019-04-30,2019-05-30,7800,13000,5,12.15,13.65,11.5,13.65,165.0,172.75,225.0,0.0,0.0,0.0,58.05,0,0,0
DLF,2019-04-30,2019-05-30,-2600,41600,23,1.35,1.5,1.1,1.45,205.0,172.75,220.0,0.0,0.0,0.0,43.0,0,0,39000
DLF,2019-04-30,2019-05-30,28600,54600,17,15.5,17.0,14.7,17.0,160.0,172.75,215.0,0.0,0.0,0.0,36.55,0,0,5200
DLF,2019-04-30,2019-05-30,0,5200,0,0.0,0.0,0.0,0.5,225.0,172.75,210.0,0.0,0.0,0.0,33.75,0,0,5200
DLF,2019-04-30,2019-05-30,0,0,0,0.0,0.0,0.0,21.35,155.0,172.75,205.0,0.0,0.0,0.0,30.0,0,0,2600
DLF,2019-04-30,2019-05-30,20800,20800,9,21.8,25.0,21.8,24.05,150.0,172.75,200.0,29.1,32.8,27.15,28.5,13,-5200,171600
DLF,2019-04-30,2019-05-30,20800,735800,234,2.05,2.35,1.5,1.95,200.0,172.75,195.0,0.0,0.0,0.0,22.0,0,0,15600
DLF,2019-04-30,2019-05-30,0,0,0,0.0,0.0,0.0,1.75,235.0,172.75,190.0,20.3,23.3,19.95,20.0,10,5200,301600
DLF,2019-04-30,2019-05-30,0,0,0,0.0,0.0,0.0,27.75,145.0,172.75,185.0,18.95,19.35,17.0,17.0,6,5200,39000
DLF,2019-04-30,2019-05-30,-26000,228800,91,2.95,2.95,2.15,2.65,195.0,172.75,180.0,13.75,15.9,12.4,12.9,55,5200,377000
DLF,2019-04-30,2019-05-30,0,5200,0,0.0,0.0,0.0,40.0,140.0,172.75,175.0,9.9,13.1,9.35,9.7,66,-2600,218400
DLF,2019-04-30,2019-05-30,33800,122200,42,0.55,0.6,0.5,0.6,220.0,172.75,170.0,6.3,10.25,6.2,7.3,437,33800,358800
DLF,2019-04-30,2019-05-30,0,0,0,0.0,0.0,0.0,35.15,135.0,172.75,165.0,4.9,7.8,4.9,5.35,231,39000,171600
DLF,2019-04-30,2019-05-30,-10400,1016600,406,4.1,4.1,2.8,3.7,190.0,172.75,160.0,3.4,5.85,3.4,3.95,486,-39000,314600
DLF,2019-04-30,2019-05-30,0,0,0,0.0,0.0,0.0,39.2,130.0,172.75,155.0,2.95,4.25,2.65,2.75,57,18200,49400
DLF,2019-04-30,2019-05-30,7800,70200,3,0.3,0.3,0.3,0.3,240.0,172.75,150.0,2.1,3.1,1.8,1.9,244,182000,296400
DLF,2019-04-30,2019-05-30,0,0,0,0.0,0.0,0.0,43.45,125.0,172.75,145.0,0.0,0.0,0.0,5.35,0,0,0
DLF,2019-04-30,2019-05-30,36400,231400,232,5.35,5.4,3.8,5.1,185.0,172.75,140.0,0.0,0.0,0.0,4.0,0,0,0
DLF,2019-04-30,2019-05-30,0,0,0,0.0,0.0,0.0,47.85,120.0,172.75,135.0,0.4,0.4,0.4,0.4,1,2600,2600
DLF,2019-04-30,2019-05-30,2600,13000,1,0.6,0.6,0.6,0.6,215.0,172.75,130.0,0.0,0.0,0.0,2.1,0,0,0
DLF,2019-04-30,2019-05-30,0,0,0,0.0,0.0,0.0,52.45,115.0,172.75,125.0,0.0,0.0,0.0,1.45,0,0,0
DLF,2019-04-30,2019-05-30,202800,676000,675,7.55,7.55,5.05,6.7,180.0,172.75,120.0,0.0,0.0,0.0,0.95,0,0,0
DLF,2019-04-30,2019-05-30,0,0,0,0.0,0.0,0.0,57.1,110.0,172.75,115.0,0.0,0.0,0.0,0.6,0,0,0
DLF,2019-04-30,2019-05-30,10400,109200,4,0.35,0.35,0.35,0.35,230.0,172.75,110.0,0.0,0.0,0.0,0.35,0,0,0
DLF,2019-04-30,2019-05-30,0,0,0,0.0,0.0,0.0,61.85,105.0,172.75,105.0,0.0,0.0,0.0,0.2,0,0,0
DLF,2019-04-30,2019-05-30,83200,257400,490,9.85,9.85,6.75,8.75,175.0,172.75,245.0,0.0,0.0,0.0,64.0,0,0,2600
DLF,2019-04-30,2019-05-30,88400,182000,228,11.45,11.75,8.75,11.25,170.0,172.75,100.0,0.0,0.0,0.0,0.1,0,0,0
DLF,2019-05-02,2019-05-30,0,0,0,0.0,0.0,0.0,0.85,245.0,171.85,245.0,0.0,0.0,0.0,64.0,0,0,2600
DLF,2019-05-02,2019-05-30,0,0,0,0.0,0.0,0.0,47.85,120.0,171.85,120.0,0.0,0.0,0.0,0.95,0,0,0
DLF,2019-05-02,2019-05-30,0,5200,2,0.5,0.5,0.45,0.45,225.0,171.85,220.0,0.0,0.0,0.0,43.0,0,0,39000
DLF,2019-05-02,2019-05-30,10400,119600,4,0.4,0.4,0.4,0.4,230.0,171.85,225.0,0.0,0.0,0.0,58.05,0,0,0
DLF,2019-05-02,2019-05-30,0,0,0,0.0,0.0,0.0,1.75,235.0,171.85,230.0,0.0,0.0,0.0,52.5,0,0,10400
DLF,2019-05-02,2019-05-30,7800,78000,3,0.35,0.35,0.35,0.35,240.0,171.85,235.0,0.0,0.0,0.0,57.0,0,0,7800
DLF,2019-05-02,2019-05-30,10400,239200,30,2.45,3.45,2.3,2.6,195.0,171.85,240.0,0.0,0.0,0.0,62.0,0,0,10400
DLF,2019-05-02,2019-05-30,83200,819000,196,1.75,2.55,1.7,1.85,200.0,171.85,185.0,15.2,16.15,15.2,16.15,3,0,39000
DLF,2019-05-02,2019-05-30,2600,44200,29,1.5,1.8,1.3,1.35,205.0,171.85,190.0,21.1,21.1,18.4,19.95,15,15600,317200
DLF,2019-05-02,2019-05-30,161200,429000,106,1.25,1.3,0.85,0.9,210.0,171.85,195.0,0.0,0.0,0.0,22.0,0,0,15600
DLF,2019-05-02,2019-05-30,2600,15600,4,0.9,0.95,0.75,0.75,215.0,171.85,200.0,26.8,26.8,26.8,26.8,4,0,171600
DLF,2019-05-02,2019-05-30,78000,335400,167,8.05,10.6,7.65,8.65,175.0,171.85,205.0,0.0,0.0,0.0,30.0,0,0,2600
DLF,2019-05-02,2019-05-30,78000,754000,782,6.2,8.25,5.55,6.5,180.0,171.85,210.0,0.0,0.0,0.0,33.75,0,0,5200
DLF,2019-05-02,2019-05-30,59800,291200,376,11.95,11.95,4.2,5.0,185.0,171.85,160.0,4.05,5.0,3.5,4.35,203,70200,384800
DLF,2019-05-02,2019-05-30,41600,1058200,658,3.5,4.7,3.1,3.65,190.0,171.85,165.0,5.95,6.75,5.0,5.9,177,0,171600
DLF,2019-05-02,2019-05-30,0,20800,0,0.0,0.0,0.0,24.05,150.0,171.85,170.0,7.7,9.0,6.6,7.95,500,15600,374400
DLF,2019-05-02,2019-05-30,0,0,0,0.0,0.0,0.0,21.35,155.0,171.85,175.0,11.2,11.3,8.65,10.5,93,31200,249600
DLF,2019-05-02,2019-05-30,33800,88400,17,15.7,19.75,15.7,17.7,160.0,171.85,180.0,13.75,14.5,11.5,13.3,46,46800,423800
DLF,2019-05-02,2019-05-30,5200,18200,4,13.0,15.9,13.0,14.65,165.0,171.85,125.0,0.0,0.0,0.0,1.45,0,0,0
DLF,2019-05-02,2019-05-30,23400,205400,73,10.75,13.45,9.6,11.15,170.0,171.85,130.0,0.4,0.4,0.4,0.4,1,2600,2600
DLF,2019-05-02,2019-05-30,0,0,0,0.0,0.0,0.0,43.45,125.0,171.85,135.0,0.0,0.0,0.0,0.4,0,0,2600
DLF,2019-05-02,2019-05-30,0,0,0,0.0,0.0,0.0,39.2,130.0,171.85,140.0,0.9,0.9,0.9,0.9,1,2600,2600
DLF,2019-05-02,2019-05-30,0,0,0,0.0,0.0,0.0,35.15,135.0,171.85,145.0,0.0,0.0,0.0,5.35,0,0,0
DLF,2019-05-02,2019-05-30,0,5200,0,0.0,0.0,0.0,40.0,140.0,171.85,150.0,2.0,2.5,1.7,2.2,104,20800,317200
DLF,2019-05-02,2019-05-30,0,0,0,0.0,0.0,0.0,27.75,145.0,171.85,155.0,3.05,3.5,2.6,3.1,26,5200,54600
DLF,2019-05-02,2019-05-30,0,0,0,0.0,0.0,0.0,66.7,100.0,171.85,100.0,0.0,0.0,0.0,0.1,0,0,0
DLF,2019-05-02,2019-05-30,0,0,0,0.0,0.0,0.0,61.85,105.0,171.85,105.0,0.0,0.0,0.0,0.2,0,0,0
DLF,2019-05-02,2019-05-30,0,0,0,0.0,0.0,0.0,57.1,110.0,171.85,110.0,0.0,0.0,0.0,0.35,0,0,0
DLF,2019-05-02,2019-05-30,0,0,0,0.0,0.0,0.0,52.45,115.0,171.85,115.0,0.0,0.0,0.0,0.6,0,0,0
DLF,2019-05-02,2019-05-30,52000,174200,28,0.65,0.65,0.4,0.5,220.0,171.85,215.0,0.0,0.0,0.0,36.55,0,0,5200
DLF,2019-05-03,2019-05-30,0,0,0,0.0,0.0,0.0,0.85,245.0,177.95,215.0,36.35,36.35,36.35,36.35,1,0,5200
DLF,2019-05-03,2019-05-30,0,0,0,0.0,0.0,0.0,52.45,115.0,177.95,125.0,0.0,0.0,0.0,1.45,0,0,0
DLF,2019-05-03,2019-05-30,5200,10400,2,0.7,0.7,0.7,0.7,225.0,177.95,225.0,0.0,0.0,0.0,58.05,0,0,0
DLF,2019-05-03,2019-05-30,15600,135200,28,0.4,0.7,0.4,0.65,230.0,177.95,230.0,0.0,0.0,0.0,52.5,0,0,10400
DLF,2019-05-03,2019-05-30,0,0,0,0.0,0.0,0.0,1.75,235.0,177.95,235.0,0.0,0.0,0.0,57.0,0,0,7800
DLF,2019-05-03,2019-05-30,15600,93600,8,0.35,0.4,0.35,0.4,240.0,177.95,240.0,0.0,0.0,0.0,62.0,0,0,10400
DLF,2019-05-03,2019-05-30,15600,254800,106,2.9,4.9,2.85,4.8,195.0,177.95,245.0,0.0,0.0,0.0,64.0,0,0,2600
DLF,2019-05-03,2019-05-30,197600,1016600,584,2.1,3.75,2.05,3.6,200.0,177.95,185.0,15.25,15.25,13.1,13.8,7,0,39000
DLF,2019-05-03,2019-05-30,18200,62400,75,1.5,2.85,1.5,2.7,205.0,177.95,190.0,18.5,18.8,16.4,16.4,7,-2600,314600
DLF,2019-05-03,2019-05-30,44200,473200,177,1.1,2.15,1.1,2.05,210.0,177.95,195.0,19.5,20.9,19.5,20.6,3,2600,18200
DLF,2019-05-03,2019-05-30,23400,39000,16,0.4,1.9,0.4,1.85,215.0,177.95,200.0,0.0,0.0,0.0,26.8,0,0,171600
DLF,2019-05-03,2019-05-30,-26000,179400,70,12.1,15.85,12.1,14.8,170.0,177.95,205.0,0.0,0.0,0.0,30.0,0,0,2600
DLF,2019-05-03,2019-05-30,-117000,218400,187,9.0,13.0,8.8,12.4,175.0,177.95,210.0,0.0,0.0,0.0,33.75,0,0,5200
DLF,2019-05-03,2019-05-30,78000,832000,1176,6.85,10.35,6.6,9.9,180.0,177.95,160.0,4.1,4.15,3.1,3.35,246,169000,553800
DLF,2019-05-03,2019-05-30,80600,371800,355,5.0,8.2,5.0,7.9,185.0,177.95,165.0,5.15,5.65,4.35,4.8,226,166400,338000
DLF,2019-05-03,2019-05-30,179400,1237600,714,3.95,6.4,3.6,6.1,190.0,177.95,170.0,7.85,7.85,5.85,6.45,392,10400,384800
DLF,2019-05-03,2019-05-30,0,0,0,0.0,0.0,0.0,27.75,145.0,177.95,175.0,9.45,9.85,8.0,8.5,200,23400,273000
DLF,2019-05-03,2019-05-30,0,20800,0,0.0,0.0,0.0,24.05,150.0,177.95,180.0,12.05,12.2,10.1,11.05,40,44200,468000
DLF,2019-05-03,2019-05-30,0,0,0,0.0,0.0,0.0,21.35,155.0,177.95,130.0,0.0,0.0,0.0,0.4,0,0,2600
DLF,2019-05-03,2019-05-30,0,88400,0,0.0,0.0,0.0,17.7,160.0,177.95,135.0,0.65,0.65,0.65,0.65,1,2600,5200
DLF,2019-05-03,2019-05-30,-5200,13000,5,16.4,18.5,16.2,18.5,165.0,177.95,140.0,1.0,1.0,1.0,1.0,4,7800,10400
DLF,2019-05-03,2019-05-30,0,0,0,0.0,0.0,0.0,47.85,120.0,177.95,145.0,1.3,1.3,1.3,1.3,1,2600,2600
DLF,2019-05-03,2019-05-30,0,0,0,0.0,0.0,0.0,43.45,125.0,177.95,150.0,2.0,2.15,1.5,1.7,122,41600,358800
DLF,2019-05-03,2019-05-30,0,0,0,0.0,0.0,0.0,39.2,130.0,177.95,155.0,2.65,2.9,2.25,2.35,39,28600,83200
DLF,2019-05-03,2019-05-30,0,0,0,0.0,0.0,0.0,35.15,135.0,177.95,100.0,0.0,0.0,0.0,0.1,0,0,0
DLF,2019-05-03,2019-05-30,0,5200,0,0.0,0.0,0.0,40.0,140.0,177.95,105.0,0.0,0.0,0.0,0.2,0,0,0
DLF,2019-05-03,2019-05-30,0,0,0,0.0,0.0,0.0,66.7,100.0,177.95,110.0,0.0,0.0,0.0,0.35,0,0,0
DLF,2019-05-03,2019-05-30,0,0,0,0.0,0.0,0.0,61.85,105.0,177.95,115.0,0.0,0.0,0.0,0.6,0,0,0
DLF,2019-05-03,2019-05-30,0,0,0,0.0,0.0,0.0,57.1,110.0,177.95,120.0,0.0,0.0,0.0,0.95,0,0,0
DLF,2019-05-03,2019-05-30,2600,176800,134,0.6,1.25,0.6,1.2,220.0,177.95,220.0,41.75,41.75,41.75,41.75,1,2600,41600
DLF,2019-05-06,2019-05-30,0,0,0,0.0,0.0,0.0,0.85,245.0,173.9,245.0,0.0,0.0,0.0,64.0,0,0,2600
DLF,2019-05-06,2019-05-30,0,0,0,0.0,0.0,0.0,47.85,120.0,173.9,125.0,0.0,0.0,0.0,1.45,0,0,0
DLF,2019-05-06,2019-05-30,0,10400,0,0.0,0.0,0.0,0.7,225.0,173.9,225.0,0.0,0.0,0.0,58.05,0,0,0
DLF,2019-05-06,2019-05-30,10400,145600,14,0.55,0.6,0.5,0.5,230.0,173.9,230.0,0.0,0.0,0.0,52.5,0,0,10400
DLF,2019-05-06,2019-05-30,0,0,0,0.0,0.0,0.0,1.75,235.0,173.9,235.0,0.0,0.0,0.0,57.0,0,0,7800
DLF,2019-05-06,2019-05-30,15600,109200,9,0.3,0.4,0.3,0.35,240.0,173.9,240.0,0.0,0.0,0.0,62.0,0,0,10400
DLF,2019-05-06,2019-05-30,-15600,239200,87,4.2,4.75,3.7,3.85,195.0,173.9,190.0,0.0,0.0,0.0,16.4,0,0,314600
DLF,2019-05-06,2019-05-30,62400,1079000,379,3.6,3.65,2.75,2.95,200.0,173.9,195.0,0.0,0.0,0.0,20.6,0,0,18200
DLF,2019-05-06,2019-05-30,-5200,57200,6,2.75,2.75,2.0,2.25,205.0,173.9,200.0,25.25,25.25,25.25,25.25,1,0,171600
DLF,2019-05-06,2019-05-30,5200,478400,136,1.9,2.05,1.5,1.65,210.0,173.9,205.0,0.0,0.0,0.0,30.0,0,0,2600
DLF,2019-05-06,2019-05-30,7800,46800,5,1.2,1.25,1.15,1.2,215.0,173.9,210.0,0.0,0.0,0.0,33.75,0,0,5200
DLF,2019-05-06,2019-05-30,-10400,169000,23,13.45,14.5,12.7,13.1,170.0,173.9,215.0,0.0,0.0,0.0,36.35,0,0,5200
DLF,2019-05-06,2019-05-30,85800,304200,99,11.0,12.15,10.05,10.65,175.0,173.9,160.0,4.3,4.95,3.7,4.8,257,137800,691600
DLF,2019-05-06,2019-05-30,88400,920400,491,8.8,9.95,8.0,8.35,180.0,173.9,165.0,5.0,6.65,4.95,6.4,157,54600,392600
DLF,2019-05-06,2019-05-30,67600,439400,280,7.0,7.9,6.25,6.6,185.0,173.9,170.0,8.0,8.65,6.9,8.4,239,-2600,382200
DLF,2019-05-06,2019-05-30,330200,1567800,586,5.25,6.15,4.8,5.15,190.0,173.9,175.0,10.15,11.15,9.05,10.8,104,2600,275600
DLF,2019-05-06,2019-05-30,0,20800,0,0.0,0.0,0.0,24.05,150.0,173.9,180.0,11.9,14.0,11.9,13.45,24,-10400,457600
DLF,2019-05-06,2019-05-30,0,0,0,0.0,0.0,0.0,21.35,155.0,173.9,185.0,0.0,0.0,0.0,13.8,0,0,39000
DLF,2019-05-06,2019-05-30,2600,91000,1,19.15,19.15,19.15,19.15,160.0,173.9,130.0,0.0,0.0,0.0,0.4,0,0,2600
DLF,2019-05-06,2019-05-30,0,13000,0,0.0,0.0,0.0,18.5,165.0,173.9,135.0,0.75,0.75,0.7,0.7,3,2600,7800
DLF,2019-05-06,2019-05-30,0,0,0,0.0,0.0,0.0,43.45,125.0,173.9,140.0,1.0,1.35,0.95,1.3,55,111800,122200
DLF,2019-05-06,2019-05-30,0,0,0,0.0,0.0,0.0,39.2,130.0,173.9,145.0,1.55,1.55,1.55,1.55,2,0,2600
DLF,2019-05-06,2019-05-30,0,0,0,0.0,0.0,0.0,35.15,135.0,173.9,150.0,2.25,2.6,1.9,2.5,226,44200,403000
DLF,2019-05-06,2019-05-30,0,5200,0,0.0,0.0,0.0,40.0,140.0,173.9,155.0,3.0,3.5,2.75,3.5,12,-7800,75400
DLF,2019-05-06,2019-05-30,0,0,0,0.0,0.0,0.0,27.75,145.0,173.9,100.0,0.0,0.0,0.0,0.1,0,0,0
DLF,2019-05-06,2019-05-30,0,0,0,0.0,0.0,0.0,66.7,100.0,173.9,105.0,0.0,0.0,0.0,0.2,0,0,0
DLF,2019-05-06,2019-05-30,0,0,0,0.0,0.0,0.0,61.85,105.0,173.9,110.0,0.0,0.0,0.0,0.35,0,0,0
DLF,2019-05-06,2019-05-30,0,0,0,0.0,0.0,0.0,57.1,110.0,173.9,115.0,0.0,0.0,0.0,0.6,0,0,0
DLF,2019-05-06,2019-05-30,0,0,0,0.0,0.0,0.0,52.45,115.0,173.9,120.0,0.0,0.0,0.0,0.95,0,0,0
DLF,2019-05-06,2019-05-30,5200,182000,56,1.1,1.2,0.8,0.9,220.0,173.9,220.0,0.0,0.0,0.0,41.75,0,0,41600
DLF,2019-05-07,2019-05-30,0,0,0,0.0,0.0,0.0,0.85,245.0,169.6,245.0,0.0,0.0,0.0,64.0,0,0,2600
DLF,2019-05-07,2019-05-30,0,0,0,0.0,0.0,0.0,47.85,120.0,169.6,120.0,0.0,0.0,0.0,0.95,0,0,0
DLF,2019-05-07,2019-05-30,0,10400,0,0.0,0.0,0.0,0.7,225.0,169.6,225.0,0.0,0.0,0.0,58.05,0,0,0
DLF,2019-05-07,2019-05-30,7800,153400,9,0.5,0.5,0.35,0.35,230.0,169.6,230.0,0.0,0.0,0.0,52.5,0,0,10400
DLF,2019-05-07,2019-05-30,0,0,0,0.0,0.0,0.0,1.75,235.0,169.6,235.0,0.0,0.0,0.0,57.0,0,0,7800
DLF,2019-05-07,2019-05-30,0,109200,0,0.0,0.0,0.0,0.35,240.0,169.6,240.0,0.0,0.0,0.0,62.0,0,0,10400
DLF,2019-05-07,2019-05-30,-15600,223600,95,4.2,4.3,2.6,2.7,195.0,169.6,190.0,20.3,23.0,20.3,23.0,12,-13000,301600
DLF,2019-05-07,2019-05-30,-49400,1029600,312,3.2,3.3,1.9,2.15,200.0,169.6,195.0,26.45,26.45,26.45,26.45,1,2600,20800
DLF,2019-05-07,2019-05-30,0,57200,20,2.45,2.45,1.5,1.6,205.0,169.6,200.0,30.55,30.55,30.55,30.55,2,0,171600
DLF,2019-05-07,2019-05-30,0,478400,116,1.8,1.8,1.0,1.15,210.0,169.6,205.0,0.0,0.0,0.0,30.0,0,0,2600
DLF,2019-05-07,2019-05-30,2600,49400,6,1.0,1.0,0.55,0.75,215.0,169.6,210.0,0.0,0.0,0.0,33.75,0,0,5200
DLF,2019-05-07,2019-05-30,10400,179400,58,12.8,12.8,10.0,10.55,170.0,169.6,215.0,0.0,0.0,0.0,36.35,0,0,5200
DLF,2019-05-07,2019-05-30,148200,452400,204,11.25,11.4,7.85,8.45,175.0,169.6,160.0,4.25,6.3,4.15,5.8,571,-184600,507000
DLF,2019-05-07,2019-05-30,23400,943800,640,8.65,9.2,6.0,6.45,180.0,169.6,165.0,6.1,8.1,5.95,7.9,248,-106600,286000
DLF,2019-05-07,2019-05-30,-23400,416000,203,7.15,7.2,4.6,4.9,185.0,169.6,170.0,7.65,10.7,7.45,10.25,401,-31200,351000
DLF,2019-05-07,2019-05-30,-18200,1549600,601,5.6,5.65,3.45,3.8,190.0,169.6,175.0,9.85,13.4,9.8,13.0,166,-31200,244400
DLF,2019-05-07,2019-05-30,5200,26000,3,26.35,26.35,25.25,25.25,150.0,169.6,180.0,12.75,16.25,12.75,15.7,43,-23400,434200
DLF,2019-05-07,2019-05-30,5200,5200,2,19.85,19.85,19.0,19.0,155.0,169.6,185.0,0.0,0.0,0.0,13.8,0,0,39000
DLF,2019-05-07,2019-05-30,-5200,85800,7,18.8,18.8,17.35,18.25,160.0,169.6,125.0,0.0,0.0,0.0,1.45,0,0,0
DLF,2019-05-07,2019-05-30,7800,20800,7,15.2,15.2,13.0,13.4,165.0,169.6,130.0,0.0,0.0,0.0,0.4,0,0,2600
DLF,2019-05-07,2019-05-30,0,0,0,0.0,0.0,0.0,43.45,125.0,169.6,135.0,0.65,1.15,0.65,1.1,32,62400,70200
DLF,2019-05-07,2019-05-30,0,0,0,0.0,0.0,0.0,39.2,130.0,169.6,140.0,1.1,1.65,1.0,1.6,77,-2600,119600
DLF,2019-05-07,2019-05-30,0,0,0,0.0,0.0,0.0,35.15,135.0,169.6,145.0,1.55,2.3,1.5,2.2,37,31200,33800
DLF,2019-05-07,2019-05-30,0,5200,0,0.0,0.0,0.0,40.0,140.0,169.6,150.0,2.25,3.3,2.05,3.1,214,-36400,366600
DLF,2019-05-07,2019-05-30,0,0,0,0.0,0.0,0.0,27.75,145.0,169.6,155.0,3.15,4.55,3.1,4.35,138,49400,124800
DLF,2019-05-07,2019-05-30,0,0,0,0.0,0.0,0.0,66.7,100.0,169.6,100.0,0.0,0.0,0.0,0.1,0,0,0
DLF,2019-05-07,2019-05-30,0,0,0,0.0,0.0,0.0,61.85,105.0,169.6,105.0,0.0,0.0,0.0,0.2,0,0,0
DLF,2019-05-07,2019-05-30,0,0,0,0.0,0.0,0.0,57.1,110.0,169.6,110.0,0.0,0.0,0.0,0.35,0,0,0
DLF,2019-05-07,2019-05-30,0,0,0,0.0,0.0,0.0,52.45,115.0,169.6,115.0,0.0,0.0,0.0,0.6,0,0,0
DLF,2019-05-07,2019-05-30,7800,189800,45,1.1,1.1,0.5,0.6,220.0,169.6,220.0,0.0,0.0,0.0,41.75,0,0,41600
DLF,2019-05-08,2019-05-30,0,0,0,0.0,0.0,0.0,0.85,245.0,168.95,245.0,0.0,0.0,0.0,64.0,0,0,2600
DLF,2019-05-08,2019-05-30,0,0,0,0.0,0.0,0.0,47.85,120.0,168.95,125.0,0.0,0.0,0.0,1.45,0,0,0
DLF,2019-05-08,2019-05-30,0,10400,2,0.3,0.3,0.25,0.25,225.0,168.95,225.0,0.0,0.0,0.0,58.05,0,0,0
DLF,2019-05-08,2019-05-30,-5200,148200,4,0.35,0.4,0.3,0.4,230.0,168.95,230.0,0.0,0.0,0.0,52.5,0,0,10400
DLF,2019-05-08,2019-05-30,0,0,0,0.0,0.0,0.0,1.75,235.0,168.95,235.0,0.0,0.0,0.0,57.0,0,0,7800
DLF,2019-05-08,2019-05-30,0,109200,2,0.35,0.35,0.25,0.25,240.0,168.95,240.0,73.0,73.0,73.0,73.0,1,-2600,7800
DLF,2019-05-08,2019-05-30,101400,1131000,337,2.2,2.25,1.5,1.75,200.0,168.95,190.0,24.5,25.8,24.3,25.15,10,2600,304200
DLF,2019-05-08,2019-05-30,5200,62400,3,1.0,1.2,1.0,1.2,205.0,168.95,195.0,27.95,28.5,26.15,26.85,7,0,20800
DLF,2019-05-08,2019-05-30,-36400,442000,83,0.95,1.15,0.7,0.85,210.0,168.95,200.0,34.3,34.3,31.55,31.55,2,0,171600
DLF,2019-05-08,2019-05-30,-5200,44200,19,0.75,0.75,0.55,0.6,215.0,168.95,205.0,38.25,38.25,35.05,37.0,5,5200,7800
DLF,2019-05-08,2019-05-30,15600,468000,181,7.5,8.7,7.0,7.95,175.0,168.95,210.0,0.0,0.0,0.0,33.75,0,0,5200
DLF,2019-05-08,2019-05-30,62400,1006200,386,5.95,6.8,5.4,6.1,180.0,168.95,215.0,0.0,0.0,0.0,36.35,0,0,5200
DLF,2019-05-08,2019-05-30,-93600,322400,229,4.4,5.15,4.0,4.5,185.0,168.95,160.0,6.8,7.75,5.6,5.9,363,36400,543400
DLF,2019-05-08,2019-05-30,-23400,1526200,235,3.4,3.9,2.95,3.35,190.0,168.95,165.0,8.4,9.95,7.3,7.8,200,-5200,280800
DLF,2019-05-08,2019-05-30,18200,241800,45,2.25,2.7,2.15,2.55,195.0,168.95,170.0,10.0,12.5,9.7,10.0,98,-5200,345800
DLF,2019-05-08,2019-05-30,0,26000,0,0.0,0.0,0.0,25.25,150.0,168.95,175.0,12.4,15.15,12.4,12.6,58,-41600,202800
DLF,2019-05-08,2019-05-30,0,5200,0,0.0,0.0,0.0,19.0,155.0,168.95,180.0,17.05,18.4,15.55,15.7,13,-2600,431600
DLF,2019-05-08,2019-05-30,13000,98800,11,14.5,16.0,14.5,15.8,160.0,168.95,185.0,0.0,0.0,0.0,13.8,0,0,39000
DLF,2019-05-08,2019-05-30,0,20800,5,13.4,13.5,12.0,12.0,165.0,168.95,130.0,0.0,0.0,0.0,0.4,0,0,2600
DLF,2019-05-08,2019-05-30,41600,221000,236,10.05,11.2,9.05,10.15,170.0,168.95,135.0,1.05,1.3,1.05,1.1,6,-5200,65000
DLF,2019-05-08,2019-05-30,0,0,0,0.0,0.0,0.0,43.45,125.0,168.95,140.0,1.7,2.55,1.45,1.85,92,67600,187200
DLF,2019-05-08,2019-05-30,0,0,0,0.0,0.0,0.0,39.2,130.0,168.95,145.0,2.55,2.7,2.1,2.7,8,7800,41600
DLF,2019-05-08,2019-05-30,0,0,0,0.0,0.0,0.0,35.15,135.0,168.95,150.0,3.6,4.45,3.0,3.25,184,5200,371800
DLF,2019-05-08,2019-05-30,0,5200,0,0.0,0.0,0.0,40.0,140.0,168.95,155.0,4.4,5.9,4.05,4.35,127,52000,176800
DLF,2019-05-08,2019-05-30,0,0,0,0.0,0.0,0.0,27.75,145.0,168.95,100.0,0.0,0.0,0.0,0.1,0,0,0
DLF,2019-05-08,2019-05-30,0,0,0,0.0,0.0,0.0,66.7,100.0,168.95,105.0,0.0,0.0,0.0,0.2,0,0,0
DLF,2019-05-08,2019-05-30,0,0,0,0.0,0.0,0.0,61.85,105.0,168.95,110.0,0.0,0.0,0.0,0.35,0,0,0
DLF,2019-05-08,2019-05-30,0,0,0,0.0,0.0,0.0,57.1,110.0,168.95,115.0,0.0,0.0,0.0,0.6,0,0,0
DLF,2019-05-08,2019-05-30,0,0,0,0.0,0.0,0.0,52.45,115.0,168.95,120.0,1.0,1.0,1.0,1.0,4,10400,10400
DLF,2019-05-08,2019-05-30,54600,244400,43,0.55,0.55,0.4,0.45,220.0,168.95,220.0,0.0,0.0,0.0,41.75,0,0,41600
DLF,2019-05-09,2019-05-30,0,10400,0,0.0,0.0,0.0,0.25,225.0,167.8,245.0,0.0,0.0,0.0,64.0,0,0,2600
DLF,2019-05-09,2019-05-30,0,0,0,0.0,0.0,0.0,47.85,120.0,167.8,125.0,0.0,0.0,0.0,1.45,0,0,0
DLF,2019-05-09,2019-05-30,0,0,0,0.0,0.0,0.0,1.75,235.0,167.8,220.0,0.0,0.0,0.0,41.75,0,0,41600
DLF,2019-05-09,2019-05-30,0,109200,0,0.0,0.0,0.0,0.25,240.0,167.8,225.0,0.0,0.0,0.0,58.05,0,0,0
DLF,2019-05-09,2019-05-30,0,0,0,0.0,0.0,0.0,0.85,245.0,167.8,230.0,0.0,0.0,0.0,52.5,0,0,10400
DLF,2019-05-09,2019-05-30,-20800,1110200,155,1.7,1.95,1.35,1.4,200.0,167.8,235.0,0.0,0.0,0.0,57.0,0,0,7800
DLF,2019-05-09,2019-05-30,2600,65000,1,1.05,1.05,1.05,1.05,205.0,167.8,240.0,0.0,0.0,0.0,73.0,0,0,7800
DLF,2019-05-09,2019-05-30,31200,473200,50,0.8,0.9,0.6,0.7,210.0,167.8,185.0,19.95,19.95,19.95,19.95,1,-2600,36400
DLF,2019-05-09,2019-05-30,2600,46800,3,0.5,0.5,0.45,0.5,215.0,167.8,190.0,23.55,23.75,22.2,23.75,13,-20800,283400
DLF,2019-05-09,2019-05-30,-44200,200200,58,0.45,0.45,0.3,0.35,220.0,167.8,195.0,0.0,0.0,0.0,26.85,0,0,20800
DLF,2019-05-09,2019-05-30,174200,642200,221,8.3,8.55,6.7,7.05,175.0,167.8,200.0,0.0,0.0,0.0,31.55,0,0,171600
DLF,2019-05-09,2019-05-30,72800,1079000,295,6.35,6.5,5.05,5.25,180.0,167.8,205.0,0.0,0.0,0.0,37.0,0,0,7800
DLF,2019-05-09,2019-05-30,23400,345800,75,4.5,4.9,3.7,3.9,185.0,167.8,210.0,0.0,0.0,0.0,33.75,0,0,5200
DLF,2019-05-09,2019-05-30,-70200,1456000,216,3.65,3.65,2.65,2.8,190.0,167.8,155.0,4.75,4.85,3.75,4.15,72,0,176800
DLF,2019-05-09,2019-05-30,10400,252200,7,2.15,2.25,2.0,2.0,195.0,167.8,160.0,6.1,6.6,5.1,5.75,170,-36400,507000
DLF,2019-05-09,2019-05-30,-7800,18200,3,21.5,22.2,21.5,21.85,150.0,167.8,165.0,7.75,8.75,6.8,7.8,94,5200,286000
DLF,2019-05-09,2019-05-30,2600,7800,4,19.05,19.05,18.1,18.1,155.0,167.8,170.0,10.4,11.25,9.0,10.25,117,26000,371800
DLF,2019-05-09,2019-05-30,-23400,75400,17,14.5,14.9,14.0,14.9,160.0,167.8,175.0,13.3,14.15,12.55,14.15,13,0,202800
DLF,2019-05-09,2019-05-30,0,20800,2,12.15,12.15,11.5,11.5,165.0,167.8,180.0,15.8,17.1,15.5,17.1,14,18200,449800
DLF,2019-05-09,2019-05-30,31200,252200,166,10.25,10.7,8.65,9.1,170.0,167.8,130.0,0.0,0.0,0.0,0.4,0,0,2600
DLF,2019-05-09,2019-05-30,0,0,0,0.0,0.0,0.0,43.45,125.0,167.8,135.0,1.3,1.35,1.0,1.0,12,10400,75400
DLF,2019-05-09,2019-05-30,0,0,0,0.0,0.0,0.0,39.2,130.0,167.8,140.0,1.75,1.9,1.35,1.5,60,-62400,124800
DLF,2019-05-09,2019-05-30,0,0,0,0.0,0.0,0.0,35.15,135.0,167.8,145.0,0.0,0.0,0.0,2.7,0,0,41600
DLF,2019-05-09,2019-05-30,0,5200,0,0.0,0.0,0.0,40.0,140.0,167.8,150.0,3.3,3.6,2.75,2.95,123,101400,473200
DLF,2019-05-09,2019-05-30,0,0,0,0.0,0.0,0.0,27.75,145.0,167.8,100.0,0.0,0.0,0.0,0.1,0,0,0
DLF,2019-05-09,2019-05-30,0,0,0,0.0,0.0,0.0,66.7,100.0,167.8,105.0,0.0,0.0,0.0,0.2,0,0,0
DLF,2019-05-09,2019-05-30,0,0,0,0.0,0.0,0.0,61.85,105.0,167.8,110.0,0.0,0.0,0.0,0.35,0,0,0
DLF,2019-05-09,2019-05-30,0,0,0,0.0,0.0,0.0,57.1,110.0,167.8,115.0,0.0,0.0,0.0,0.6,0,0,0
DLF,2019-05-09,2019-05-30,0,0,0,0.0,0.0,0.0,52.45,115.0,167.8,120.0,0.0,0.0,0.0,1.0,0,0,10400
DLF,2019-05-09,2019-05-30,0,148200,0,0.0,0.0,0.0,0.4,230.0,167.8,215.0,0.0,0.0,0.0,36.35,0,0,5200
DLF,2019-05-10,2019-05-30,0,10400,0,0.0,0.0,0.0,0.25,225.0,166.5,245.0,0.0,0.0,0.0,64.0,0,0,2600
DLF,2019-05-10,2019-05-30,0,148200,2,0.25,0.25,0.2,0.2,230.0,166.5,125.0,0.0,0.0,0.0,1.45,0,0,0
DLF,2019-05-10,2019-05-30,0,0,0,0.0,0.0,0.0,1.75,235.0,166.5,220.0,0.0,0.0,0.0,41.75,0,0,41600
DLF,2019-05-10,2019-05-30,-2600,106600,1,0.15,0.15,0.15,0.15,240.0,166.5,225.0,0.0,0.0,0.0,58.05,0,0,0
DLF,2019-05-10,2019-05-30,0,0,0,0.0,0.0,0.0,0.85,245.0,166.5,230.0,0.0,0.0,0.0,52.5,0,0,10400
DLF,2019-05-10,2019-05-30,75400,1185600,243,1.6,1.85,1.3,1.4,200.0,166.5,235.0,0.0,0.0,0.0,57.0,0,0,7800
DLF,2019-05-10,2019-05-30,0,65000,0,0.0,0.0,0.0,1.05,205.0,166.5,240.0,0.0,0.0,0.0,73.0,0,0,7800
DLF,2019-05-10,2019-05-30,215800,689000,172,0.75,0.9,0.65,0.75,210.0,166.5,185.0,17.1,17.1,17.1,17.1,2,0,36400
DLF,2019-05-10,2019-05-30,28600,75400,16,0.5,0.5,0.45,0.5,215.0,166.5,190.0,21.85,21.85,19.55,20.5,5,-2600,280800
DLF,2019-05-10,2019-05-30,5200,205400,10,0.4,0.4,0.3,0.3,220.0,166.5,195.0,24.95,24.95,24.9,24.9,2,2600,23400
DLF,2019-05-10,2019-05-30,-109200,533000,316,8.0,8.85,6.4,6.6,175.0,166.5,200.0,29.2,29.2,29.05,29.05,2,-2600,169000
DLF,2019-05-10,2019-05-30,156000,1235000,659,5.55,6.75,4.8,4.95,180.0,166.5,205.0,0.0,0.0,0.0,37.0,0,0,7800
DLF,2019-05-10,2019-05-30,-18200,327600,147,4.55,4.95,3.6,3.65,185.0,166.5,210.0,0.0,0.0,0.0,33.75,0,0,5200
DLF,2019-05-10,2019-05-30,-36400,1419600,442,3.1,3.6,2.55,2.65,190.0,166.5,160.0,5.2,6.7,4.35,6.55,276,130000,637000
DLF,2019-05-10,2019-05-30,49400,301600,71,2.35,2.5,1.8,1.85,195.0,166.5,165.0,7.15,8.85,5.8,8.6,169,41600,327600
DLF,2019-05-10,2019-05-30,2600,20800,1,21.2,21.2,21.2,21.2,150.0,166.5,170.0,9.3,11.3,7.9,11.05,192,-5200,366600
DLF,2019-05-10,2019-05-30,-2600,5200,2,20.65,20.7,20.65,20.7,155.0,166.5,175.0,11.25,14.2,10.5,13.9,35,2600,205400
DLF,2019-05-10,2019-05-30,-41600,33800,66,16.75,17.2,13.3,13.6,160.0,166.5,180.0,14.35,15.45,13.5,15.45,10,-13000,436800
DLF,2019-05-10,2019-05-30,31200,52000,19,13.7,14.05,10.55,11.1,165.0,166.5,130.0,0.0,0.0,0.0,0.4,0,0,2600
DLF,2019-05-10,2019-05-30,98800,351000,291,10.15,11.4,8.25,8.65,170.0,166.5,135.0,1.3,1.3,1.3,1.3,3,5200,80600
DLF,2019-05-10,2019-05-30,0,0,0,0.0,0.0,0.0,43.45,125.0,166.5,140.0,1.2,1.9,1.05,1.8,39,-7800,117000
DLF,2019-05-10,2019-05-30,0,0,0,0.0,0.0,0.0,39.2,130.0,166.5,145.0,0.0,0.0,0.0,2.7,0,0,41600
DLF,2019-05-10,2019-05-30,0,0,0,0.0,0.0,0.0,35.15,135.0,166.5,150.0,2.7,3.65,2.15,3.55,193,28600,501800
DLF,2019-05-10,2019-05-30,0,5200,0,0.0,0.0,0.0,40.0,140.0,166.5,155.0,3.35,5.0,3.1,4.85,76,-13000,163800
DLF,2019-05-10,2019-05-30,0,0,0,0.0,0.0,0.0,27.75,145.0,166.5,100.0,0.0,0.0,0.0,0.1,0,0,0
DLF,2019-05-10,2019-05-30,0,0,0,0.0,0.0,0.0,66.7,100.0,166.5,105.0,0.0,0.0,0.0,0.2,0,0,0
DLF,2019-05-10,2019-05-30,0,0,0,0.0,0.0,0.0,61.85,105.0,166.5,110.0,0.0,0.0,0.0,0.35,0,0,0
DLF,2019-05-10,2019-05-30,0,0,0,0.0,0.0,0.0,57.1,110.0,166.5,115.0,0.0,0.0,0.0,0.6,0,0,0
DLF,2019-05-10,2019-05-30,0,0,0,0.0,0.0,0.0,52.45,115.0,166.5,120.0,0.0,0.0,0.0,1.0,0,0,10400
DLF,2019-05-10,2019-05-30,0,0,0,0.0,0.0,0.0,47.85,120.0,166.5,215.0,0.0,0.0,0.0,36.35,0,0,5200
DLF,2019-05-13,2019-05-30,0,10400,0,0.0,0.0,0.0,0.25,225.0,164.35,245.0,0.0,0.0,0.0,64.0,0,0,2600
DLF,2019-05-13,2019-05-30,0,0,0,0.0,0.0,0.0,47.85,120.0,164.35,215.0,0.0,0.0,0.0,36.35,0,0,5200
DLF,2019-05-13,2019-05-30,0,0,0,0.0,0.0,0.0,1.75,235.0,164.35,220.0,0.0,0.0,0.0,41.75,0,0,41600
DLF,2019-05-13,2019-05-30,0,106600,0,0.0,0.0,0.0,0.15,240.0,164.35,225.0,0.0,0.0,0.0,58.05,0,0,0
DLF,2019-05-13,2019-05-30,0,0,0,0.0,0.0,0.0,0.85,245.0,164.35,230.0,0.0,0.0,0.0,52.5,0,0,10400
DLF,2019-05-13,2019-05-30,18200,1203800,160,1.3,1.4,0.95,1.05,200.0,164.35,235.0,0.0,0.0,0.0,57.0,0,0,7800
DLF,2019-05-13,2019-05-30,-2600,62400,2,0.8,0.8,0.65,0.65,205.0,164.35,240.0,0.0,0.0,0.0,73.0,0,0,7800
DLF,2019-05-13,2019-05-30,-85800,603200,91,0.7,0.7,0.45,0.5,210.0,164.35,190.0,25.75,26.1,24.9,26.0,4,0,280800
DLF,2019-05-13,2019-05-30,31200,106600,33,0.45,0.5,0.4,0.4,215.0,164.35,195.0,0.0,0.0,0.0,24.9,0,0,23400
DLF,2019-05-13,2019-05-30,0,205400,7,0.3,0.3,0.25,0.3,220.0,164.35,200.0,36.2,36.2,33.55,33.55,4,5200,174200
DLF,2019-05-13,2019-05-30,5200,538200,187,6.4,6.8,5.0,5.35,175.0,164.35,205.0,0.0,0.0,0.0,37.0,0,0,7800
DLF,2019-05-13,2019-05-30,36400,1271400,321,4.65,5.15,3.7,3.95,180.0,164.35,210.0,0.0,0.0,0.0,33.75,0,0,5200
DLF,2019-05-13,2019-05-30,-15600,312000,71,3.55,3.7,2.8,2.9,185.0,164.35,155.0,5.15,5.7,4.5,5.45,67,-7800,156000
DLF,2019-05-13,2019-05-30,7800,1427400,198,2.35,2.7,1.95,2.1,190.0,164.35,160.0,6.8,7.7,6.2,7.4,257,15600,652600
DLF,2019-05-13,2019-05-30,-31200,270400,60,1.7,1.9,1.4,1.5,195.0,164.35,165.0,8.3,10.0,8.2,9.6,192,39000,366600
DLF,2019-05-13,2019-05-30,0,20800,0,0.0,0.0,0.0,21.2,150.0,164.35,170.0,11.45,12.7,10.45,12.45,78,10400,377000
DLF,2019-05-13,2019-05-30,0,5200,1,16.2,16.2,16.2,16.2,155.0,164.35,175.0,15.5,16.2,13.8,15.65,13,0,205400
DLF,2019-05-13,2019-05-30,-2600,31200,2,13.85,13.85,13.3,13.3,160.0,164.35,180.0,17.5,18.95,16.9,18.9,9,-7800,429000
DLF,2019-05-13,2019-05-30,23400,75400,59,10.55,11.55,8.0,9.35,165.0,164.35,185.0,0.0,0.0,0.0,17.1,0,0,36400
DLF,2019-05-13,2019-05-30,88400,439400,251,8.25,8.95,6.7,7.2,170.0,164.35,130.0,0.0,0.0,0.0,0.4,0,0,2600
DLF,2019-05-13,2019-05-30,0,0,0,0.0,0.0,0.0,43.45,125.0,164.35,135.0,1.25,1.55,1.2,1.5,34,36400,117000
DLF,2019-05-13,2019-05-30,0,0,0,0.0,0.0,0.0,39.2,130.0,164.35,140.0,1.85,2.35,1.65,2.2,76,132600,249600
DLF,2019-05-13,2019-05-30,0,0,0,0.0,0.0,0.0,35.15,135.0,164.35,145.0,2.7,3.1,2.35,3.05,26,-23400,18200
DLF,2019-05-13,2019-05-30,2600,7800,1,28.25,28.25,28.25,28.25,140.0,164.35,150.0,3.7,4.35,3.3,4.05,162,54600,556400
DLF,2019-05-13,2019-05-30,0,0,0,0.0,0.0,0.0,27.75,145.0,164.35,100.0,0.5,0.75,0.4,0.4,3,7800,7800
DLF,2019-05-13,2019-05-30,0,0,0,0.0,0.0,0.0,66.7,100.0,164.35,105.0,0.0,0.0,0.0,0.2,0,0,0
DLF,2019-05-13,2019-05-30,0,0,0,0.0,0.0,0.0,61.85,105.0,164.35,110.0,0.0,0.0,0.0,0.35,0,0,0
DLF,2019-05-13,2019-05-30,0,0,0,0.0,0.0,0.0,57.1,110.0,164.35,115.0,0.0,0.0,0.0,0.6,0,0,0
DLF,2019-05-13,2019-05-30,0,0,0,0.0,0.0,0.0,52.45,115.0,164.35,120.0,0.0,0.0,0.0,1.0,0,0,10400
DLF,2019-05-13,2019-05-30,0,148200,0,0.0,0.0,0.0,0.2,230.0,164.35,125.0,0.0,0.0,0.0,1.45,0,0,0
DLF,2019-05-14,2019-05-30,0,10400,0,0.0,0.0,0.0,0.25,225.0,166.25,245.0,0.0,0.0,0.0,64.0,0,0,2600
DLF,2019-05-14,2019-05-30,0,0,0,0.0,0.0,0.0,47.85,120.0,166.25,125.0,0.0,0.0,0.0,1.45,0,0,0
DLF,2019-05-14,2019-05-30,0,0,0,0.0,0.0,0.0,1.75,235.0,166.25,220.0,0.0,0.0,0.0,41.75,0,0,41600
DLF,2019-05-14,2019-05-30,0,106600,0,0.0,0.0,0.0,0.15,240.0,166.25,225.0,0.0,0.0,0.0,58.05,0,0,0
DLF,2019-05-14,2019-05-30,0,0,0,0.0,0.0,0.0,0.85,245.0,166.25,230.0,64.75,64.75,64.75,64.75,1,-2600,7800
DLF,2019-05-14,2019-05-30,-41600,1162200,168,0.65,1.35,0.65,1.25,200.0,166.25,235.0,0.0,0.0,0.0,57.0,0,0,7800
DLF,2019-05-14,2019-05-30,0,62400,2,0.85,0.85,0.85,0.85,205.0,166.25,240.0,0.0,0.0,0.0,73.0,0,0,7800
DLF,2019-05-14,2019-05-30,-44200,559000,80,0.55,0.7,0.45,0.6,210.0,166.25,190.0,24.15,24.15,24.15,24.15,1,-2600,278200
DLF,2019-05-14,2019-05-30,0,106600,0,0.0,0.0,0.0,0.4,215.0,166.25,195.0,0.0,0.0,0.0,24.9,0,0,23400
DLF,2019-05-14,2019-05-30,-2600,202800,10,0.2,0.3,0.15,0.3,220.0,166.25,200.0,35.6,35.6,33.25,33.25,2,0,174200
DLF,2019-05-14,2019-05-30,-5200,533000,147,4.9,6.8,4.6,6.1,175.0,166.25,205.0,0.0,0.0,0.0,37.0,0,0,7800
DLF,2019-05-14,2019-05-30,-163800,1107600,346,3.95,5.15,3.25,4.55,180.0,166.25,210.0,0.0,0.0,0.0,33.75,0,0,5200
DLF,2019-05-14,2019-05-30,2600,314600,58,2.3,3.75,2.3,3.4,185.0,166.25,155.0,6.5,6.5,4.45,4.85,86,-2600,153400
DLF,2019-05-14,2019-05-30,-31200,1396200,149,1.7,2.7,1.7,2.4,190.0,166.25,160.0,8.9,8.9,6.05,6.55,251,18200,670800
DLF,2019-05-14,2019-05-30,-23400,247000,22,1.25,1.95,1.25,1.7,195.0,166.25,165.0,11.35,11.35,7.9,8.65,97,-7800,358800
DLF,2019-05-14,2019-05-30,0,20800,0,0.0,0.0,0.0,21.2,150.0,166.25,170.0,14.75,14.75,10.85,11.0,32,5200,382200
DLF,2019-05-14,2019-05-30,0,5200,0,0.0,0.0,0.0,16.2,155.0,166.25,175.0,15.75,16.15,13.7,14.1,12,0,205400
DLF,2019-05-14,2019-05-30,15600,46800,6,11.6,13.7,11.6,13.45,160.0,166.25,180.0,21.8,21.8,16.6,16.7,14,-10400,418600
DLF,2019-05-14,2019-05-30,20800,96200,90,8.95,11.5,8.0,10.55,165.0,166.25,185.0,0.0,0.0,0.0,17.1,0,0,36400
DLF,2019-05-14,2019-05-30,130000,569400,360,7.0,9.05,6.05,8.25,170.0,166.25,130.0,0.0,0.0,0.0,0.4,0,0,2600
DLF,2019-05-14,2019-05-30,0,0,0,0.0,0.0,0.0,43.45,125.0,166.25,135.0,2.5,3.0,1.25,1.25,17,13000,130000
DLF,2019-05-14,2019-05-30,0,0,0,0.0,0.0,0.0,39.2,130.0,166.25,140.0,2.6,2.6,1.7,1.85,108,-39000,210600
DLF,2019-05-14,2019-05-30,0,0,0,0.0,0.0,0.0,35.15,135.0,166.25,145.0,3.0,3.25,2.4,2.4,36,54600,72800
DLF,2019-05-14,2019-05-30,0,7800,0,0.0,0.0,0.0,28.25,140.0,166.25,150.0,4.55,4.9,3.25,3.6,185,-10400,546000
DLF,2019-05-14,2019-05-30,0,0,0,0.0,0.0,0.0,27.75,145.0,166.25,100.0,0.65,0.75,0.65,0.75,2,5200,13000
DLF,2019-05-14,2019-05-30,0,0,0,0.0,0.0,0.0,66.7,100.0,166.25,105.0,0.0,0.0,0.0,0.2,0,0,0
DLF,2019-05-14,2019-05-30,0,0,0,0.0,0.0,0.0,61.85,105.0,166.25,110.0,0.0,0.0,0.0,0.35,0,0,0
DLF,2019-05-14,2019-05-30,0,0,0,0.0,0.0,0.0,57.1,110.0,166.25,115.0,0.0,0.0,0.0,0.6,0,0,0
DLF,2019-05-14,2019-05-30,0,0,0,0.0,0.0,0.0,52.45,115.0,166.25,120.0,0.5,0.5,0.5,0.5,2,5200,15600
DLF,2019-05-14,2019-05-30,0,148200,0,0.0,0.0,0.0,0.2,230.0,166.25,215.0,0.0,0.0,0.0,36.35,0,0,5200
DLF,2019-05-15,2019-05-30,0,10400,0,0.0,0.0,0.0,0.25,225.0,161.45,245.0,0.0,0.0,0.0,64.0,0,0,2600
DLF,2019-05-15,2019-05-30,0,0,0,0.0,0.0,0.0,47.85,120.0,161.45,125.0,0.0,0.0,0.0,1.45,0,0,0
DLF,2019-05-15,2019-05-30,0,0,0,0.0,0.0,0.0,1.75,235.0,161.45,220.0,0.0,0.0,0.0,41.75,0,0,41600
DLF,2019-05-15,2019-05-30,-5200,101400,2,0.15,0.15,0.15,0.15,240.0,161.45,225.0,0.0,0.0,0.0,58.05,0,0,0
DLF,2019-05-15,2019-05-30,0,0,0,0.0,0.0,0.0,0.85,245.0,161.45,230.0,0.0,0.0,0.0,64.75,0,0,7800
DLF,2019-05-15,2019-05-30,-23400,1138800,124,1.1,1.2,0.8,0.9,200.0,161.45,235.0,0.0,0.0,0.0,57.0,0,0,7800
DLF,2019-05-15,2019-05-30,-5200,57200,26,0.85,0.85,0.6,0.65,205.0,161.45,240.0,0.0,0.0,0.0,73.0,0,0,7800
DLF,2019-05-15,2019-05-30,-13000,546000,37,0.55,0.6,0.4,0.45,210.0,161.45,185.0,0.0,0.0,0.0,17.1,0,0,36400
DLF,2019-05-15,2019-05-30,0,106600,0,0.0,0.0,0.0,0.4,215.0,161.45,190.0,27.8,29.9,27.8,29.9,3,2600,280800
DLF,2019-05-15,2019-05-30,0,202800,3,0.25,0.3,0.25,0.25,220.0,161.45,195.0,0.0,0.0,0.0,24.9,0,0,23400
DLF,2019-05-15,2019-05-30,13000,546000,162,6.1,6.25,4.55,4.9,175.0,161.45,200.0,34.9,37.6,34.9,36.85,5,-2600,171600
DLF,2019-05-15,2019-05-30,221000,1328600,410,4.55,4.75,3.3,3.5,180.0,161.45,205.0,0.0,0.0,0.0,37.0,0,0,7800
DLF,2019-05-15,2019-05-30,20800,335400,84,3.1,3.3,2.45,2.55,185.0,161.45,210.0,0.0,0.0,0.0,33.75,0,0,5200
DLF,2019-05-15,2019-05-30,-33800,1362400,191,2.5,2.5,1.7,1.85,190.0,161.45,160.0,6.5,9.2,6.5,8.85,319,-23400,647400
DLF,2019-05-15,2019-05-30,-18200,228800,42,1.8,1.8,1.25,1.3,195.0,161.45,165.0,8.3,11.75,8.3,11.45,63,7800,366600
DLF,2019-05-15,2019-05-30,0,20800,0,0.0,0.0,0.0,21.2,150.0,161.45,170.0,11.7,14.5,11.65,14.3,39,-10400,371800
DLF,2019-05-15,2019-05-30,0,5200,0,0.0,0.0,0.0,16.2,155.0,161.45,175.0,15.25,17.9,15.25,17.85,6,0,205400
DLF,2019-05-15,2019-05-30,33800,80600,20,12.5,12.9,10.8,11.0,160.0,161.45,180.0,18.15,20.8,18.15,19.9,25,-20800,397800
DLF,2019-05-15,2019-05-30,62400,158600,104,9.9,10.0,8.0,8.5,165.0,161.45,130.0,0.0,0.0,0.0,0.4,0,0,2600
DLF,2019-05-15,2019-05-30,270400,839800,491,8.25,8.4,6.1,6.45,170.0,161.45,135.0,1.55,2.35,1.55,2.25,89,-54600,75400
DLF,2019-05-15,2019-05-30,0,0,0,0.0,0.0,0.0,43.45,125.0,161.45,140.0,1.9,3.15,1.9,3.0,136,36400,247000
DLF,2019-05-15,2019-05-30,0,0,0,0.0,0.0,0.0,39.2,130.0,161.45,145.0,2.5,3.9,2.5,3.75,30,0,72800
DLF,2019-05-15,2019-05-30,0,0,0,0.0,0.0,0.0,35.15,135.0,161.45,150.0,3.5,5.45,3.5,5.2,166,-5200,540800
DLF,2019-05-15,2019-05-30,0,7800,2,25.25,25.25,24.95,24.95,140.0,161.45,155.0,4.7,7.1,4.7,6.8,60,-2600,150800
DLF,2019-05-15,2019-05-30,0,0,0,0.0,0.0,0.0,27.75,145.0,161.45,100.0,0.0,0.0,0.0,0.75,0,0,13000
DLF,2019-05-15,2019-05-30,0,0,0,0.0,0.0,0.0,66.7,100.0,161.45,105.0,0.0,0.0,0.0,0.2,0,0,0
DLF,2019-05-15,2019-05-30,0,0,0,0.0,0.0,0.0,61.85,105.0,161.45,110.0,0.0,0.0,0.0,0.35,0,0,0
DLF,2019-05-15,2019-05-30,0,0,0,0.0,0.0,0.0,57.1,110.0,161.45,115.0,0.0,0.0,0.0,0.6,0,0,0
DLF,2019-05-15,2019-05-30,0,0,0,0.0,0.0,0.0,52.45,115.0,161.45,120.0,0.0,0.0,0.0,0.5,0,0,15600
DLF,2019-05-15,2019-05-30,0,148200,0,0.0,0.0,0.0,0.2,230.0,161.45,215.0,0.0,0.0,0.0,36.35,0,0,5200
DLF,2019-05-16,2019-05-30,0,10400,0,0.0,0.0,0.0,0.25,225.0,162.9,245.0,0.0,0.0,0.0,64.0,0,0,2600
DLF,2019-05-16,2019-05-30,0,0,0,0.0,0.0,0.0,47.85,120.0,162.9,125.0,0.0,0.0,0.0,1.45,0,0,0
DLF,2019-05-16,2019-05-30,0,0,0,0.0,0.0,0.0,1.75,235.0,162.9,220.0,0.0,0.0,0.0,41.75,0,0,41600
DLF,2019-05-16,2019-05-30,0,101400,0,0.0,0.0,0.0,0.15,240.0,162.9,225.0,0.0,0.0,0.0,58.05,0,0,0
DLF,2019-05-16,2019-05-30,0,0,0,0.0,0.0,0.0,0.85,245.0,162.9,230.0,0.0,0.0,0.0,64.75,0,0,7800
DLF,2019-05-16,2019-05-30,-20800,1118000,103,0.85,1.1,0.8,1.0,200.0,162.9,235.0,0.0,0.0,0.0,57.0,0,0,7800
DLF,2019-05-16,2019-05-30,0,57200,3,0.6,0.65,0.6,0.6,205.0,162.9,240.0,0.0,0.0,0.0,73.0,0,0,7800
DLF,2019-05-16,2019-05-30,0,546000,38,0.4,0.6,0.4,0.5,210.0,162.9,185.0,24.65,24.65,23.35,23.35,2,5200,41600
DLF,2019-05-16,2019-05-30,-2600,104000,1,0.35,0.35,0.35,0.35,215.0,162.9,190.0,29.0,29.0,29.0,29.0,1,-2600,278200
DLF,2019-05-16,2019-05-30,0,202800,3,0.25,0.3,0.25,0.3,220.0,162.9,195.0,0.0,0.0,0.0,24.9,0,0,23400
DLF,2019-05-16,2019-05-30,46800,592800,159,5.0,5.85,4.25,5.4,175.0,162.9,200.0,40.55,40.55,37.55,37.55,3,2600,174200
DLF,2019-05-16,2019-05-30,-171600,1157000,454,3.6,4.35,3.15,3.95,180.0,162.9,205.0,0.0,0.0,0.0,37.0,0,0,7800
DLF,2019-05-16,2019-05-30,2600,338000,45,2.45,3.15,2.3,2.9,185.0,162.9,210.0,0.0,0.0,0.0,33.75,0,0,5200
DLF,2019-05-16,2019-05-30,-7800,1354600,261,1.85,2.25,1.6,2.05,190.0,162.9,155.0,6.8,8.55,6.15,6.25,104,-2600,148200
DLF,2019-05-16,2019-05-30,-18200,210600,15,1.4,1.6,1.2,1.4,195.0,162.9,160.0,8.4,11.05,7.9,8.2,521,46800,694200
DLF,2019-05-16,2019-05-30,2600,23400,3,16.05,16.25,16.0,16.25,150.0,162.9,165.0,11.0,13.0,10.45,10.65,27,-10400,356200
DLF,2019-05-16,2019-05-30,-2600,2600,1,15.2,15.2,15.2,15.2,155.0,162.9,170.0,13.85,16.6,13.2,13.25,32,-26000,345800
DLF,2019-05-16,2019-05-30,236600,317200,248,11.75,12.55,9.6,11.95,160.0,162.9,175.0,17.2,19.55,16.7,17.45,12,0,205400
DLF,2019-05-16,2019-05-30,44200,202800,350,8.35,9.85,7.55,9.25,165.0,162.9,180.0,20.6,20.9,20.4,20.65,4,-2600,395200
DLF,2019-05-16,2019-05-30,10400,850200,500,6.5,7.6,5.7,7.1,170.0,162.9,130.0,0.0,0.0,0.0,0.4,0,0,2600
DLF,2019-05-16,2019-05-30,0,0,0,0.0,0.0,0.0,43.45,125.0,162.9,135.0,2.2,3.0,1.95,2.0,79,49400,124800
DLF,2019-05-16,2019-05-30,0,0,0,0.0,0.0,0.0,39.2,130.0,162.9,140.0,2.5,3.9,2.5,2.65,179,20800,267800
DLF,2019-05-16,2019-05-30,0,0,0,0.0,0.0,0.0,35.15,135.0,162.9,145.0,3.9,5.0,3.55,3.65,51,59800,132600
DLF,2019-05-16,2019-05-30,0,7800,8,24.85,26.0,24.05,25.05,140.0,162.9,150.0,4.7,6.75,4.55,4.75,275,52000,592800
DLF,2019-05-16,2019-05-30,0,0,0,0.0,0.0,0.0,27.75,145.0,162.9,100.0,0.5,0.5,0.1,0.1,4,-5200,7800
DLF,2019-05-16,2019-05-30,0,0,0,0.0,0.0,0.0,66.7,100.0,162.9,105.0,0.0,0.0,0.0,0.2,0,0,0
DLF,2019-05-16,2019-05-30,0,0,0,0.0,0.0,0.0,61.85,105.0,162.9,110.0,0.0,0.0,0.0,0.35,0,0,0
DLF,2019-05-16,2019-05-30,0,0,0,0.0,0.0,0.0,57.1,110.0,162.9,115.0,0.0,0.0,0.0,0.6,0,0,0
DLF,2019-05-16,2019-05-30,0,0,0,0.0,0.0,0.0,52.45,115.0,162.9,120.0,0.0,0.0,0.0,0.5,0,0,15600
DLF,2019-05-16,2019-05-30,0,148200,0,0.0,0.0,0.0,0.2,230.0,162.9,215.0,0.0,0.0,0.0,36.35,0,0,5200
DLF,2019-05-17,2019-05-30,0,10400,0,0.0,0.0,0.0,0.25,225.0,164.45,100.0,0.0,0.0,0.0,0.1,0,0,7800
DLF,2019-05-17,2019-05-30,0,0,0,0.0,0.0,0.0,47.85,120.0,164.45,105.0,0.0,0.0,0.0,0.2,0,0,0
DLF,2019-05-17,2019-05-30,0,0,0,0.0,0.0,0.0,1.75,235.0,164.45,110.0,0.0,0.0,0.0,0.35,0,0,0
DLF,2019-05-17,2019-05-30,0,101400,0,0.0,0.0,0.0,0.15,240.0,164.45,115.0,0.0,0.0,0.0,0.6,0,0,0
DLF,2019-05-17,2019-05-30,0,0,0,0.0,0.0,0.0,0.85,245.0,164.45,120.0,0.0,0.0,0.0,0.5,0,0,15600
DLF,2019-05-17,2019-05-30,-36400,1081600,250,1.1,1.15,0.8,1.1,200.0,164.45,125.0,0.0,0.0,0.0,1.45,0,0,0
DLF,2019-05-17,2019-05-30,0,57200,3,0.65,0.7,0.6,0.7,205.0,164.45,130.0,0.0,0.0,0.0,0.4,0,0,2600
DLF,2019-05-17,2019-05-30,41600,587600,94,0.55,0.55,0.4,0.55,210.0,164.45,135.0,1.75,1.85,1.45,1.75,45,41600,166400
DLF,2019-05-17,2019-05-30,0,104000,0,0.0,0.0,0.0,0.35,215.0,164.45,140.0,2.5,3.05,2.1,2.25,158,-62400,205400
DLF,2019-05-17,2019-05-30,41600,244400,27,0.4,0.4,0.3,0.4,220.0,164.45,145.0,3.45,3.85,2.95,3.1,23,10400,143000
DLF,2019-05-17,2019-05-30,62400,655200,230,5.8,6.5,4.7,5.45,175.0,164.45,150.0,4.5,5.1,3.8,4.1,231,-49400,543400
DLF,2019-05-17,2019-05-30,166400,1323400,675,4.0,4.75,3.35,4.0,180.0,164.45,155.0,5.9,6.65,5.0,5.45,96,54600,202800
DLF,2019-05-17,2019-05-30,26000,364000,162,3.0,3.3,2.35,2.9,185.0,164.45,160.0,7.6,8.65,6.55,7.2,342,-158600,535600
DLF,2019-05-17,2019-05-30,-161200,1193400,883,2.2,2.3,1.6,2.0,190.0,164.45,165.0,9.65,10.95,8.5,9.5,120,7800,364000
DLF,2019-05-17,2019-05-30,-46800,163800,113,1.45,1.7,1.25,1.5,195.0,164.45,170.0,12.65,13.4,11.5,12.0,25,2600,348400
DLF,2019-05-17,2019-05-30,2600,26000,3,20.45,20.45,17.75,18.25,150.0,164.45,175.0,15.4,16.4,15.0,15.0,6,-2600,202800
DLF,2019-05-17,2019-05-30,0,2600,0,0.0,0.0,0.0,15.2,155.0,164.45,180.0,18.85,19.75,18.85,19.2,5,-7800,387400
DLF,2019-05-17,2019-05-30,5200,322400,56,12.5,13.9,11.25,11.95,160.0,164.45,185.0,22.35,25.2,22.35,25.2,4,-2600,39000
DLF,2019-05-17,2019-05-30,46800,249600,259,10.1,11.05,8.3,9.35,165.0,164.45,190.0,0.0,0.0,0.0,29.0,0,0,278200
DLF,2019-05-17,2019-05-30,468000,1318200,826,7.2,8.65,6.4,7.2,170.0,164.45,195.0,0.0,0.0,0.0,24.9,0,0,23400
DLF,2019-05-17,2019-05-30,0,0,0,0.0,0.0,0.0,43.45,125.0,164.45,200.0,0.0,0.0,0.0,37.55,0,0,174200
DLF,2019-05-17,2019-05-30,0,0,0,0.0,0.0,0.0,39.2,130.0,164.45,205.0,0.0,0.0,0.0,37.0,0,0,7800
DLF,2019-05-17,2019-05-30,0,0,0,0.0,0.0,0.0,35.15,135.0,164.45,210.0,0.0,0.0,0.0,33.75,0,0,5200
DLF,2019-05-17,2019-05-30,0,7800,7,28.3,28.3,24.9,25.0,140.0,164.45,215.0,0.0,0.0,0.0,36.35,0,0,5200
DLF,2019-05-17,2019-05-30,0,0,0,0.0,0.0,0.0,27.75,145.0,164.45,220.0,0.0,0.0,0.0,41.75,0,0,41600
DLF,2019-05-17,2019-05-30,0,0,0,0.0,0.0,0.0,66.7,100.0,164.45,225.0,0.0,0.0,0.0,58.05,0,0,0
DLF,2019-05-17,2019-05-30,0,0,0,0.0,0.0,0.0,61.85,105.0,164.45,230.0,0.0,0.0,0.0,64.75,0,0,7800
DLF,2019-05-17,2019-05-30,0,0,0,0.0,0.0,0.0,57.1,110.0,164.45,235.0,0.0,0.0,0.0,57.0,0,0,7800
DLF,2019-05-17,2019-05-30,0,0,0,0.0,0.0,0.0,52.45,115.0,164.45,240.0,0.0,0.0,0.0,73.0,0,0,7800
DLF,2019-05-17,2019-05-30,0,148200,0,0.0,0.0,0.0,0.2,230.0,164.45,245.0,0.0,0.0,0.0,64.0,0,0,2600
DLF,2019-05-20,2019-05-30,0,0,0,0.0,0.0,0.0,0.85,245.0,173.75,100.0,0.0,0.0,0.0,0.1,0,0,7800
DLF,2019-05-20,2019-05-30,0,0,0,0.0,0.0,0.0,47.85,120.0,173.75,245.0,0.0,0.0,0.0,64.0,0,0,2600
DLF,2019-05-20,2019-05-30,0,148200,0,0.0,0.0,0.0,0.2,230.0,173.75,110.0,0.0,0.0,0.0,0.35,0,0,0
DLF,2019-05-20,2019-05-30,0,0,0,0.0,0.0,0.0,1.75,235.0,173.75,115.0,0.0,0.0,0.0,0.6,0,0,0
DLF,2019-05-20,2019-05-30,0,101400,0,0.0,0.0,0.0,0.15,240.0,173.75,120.0,0.0,0.0,0.0,0.5,0,0,15600
DLF,2019-05-20,2019-05-30,626600,1708200,980,1.6,2.05,0.95,1.85,200.0,173.75,125.0,0.0,0.0,0.0,1.45,0,0,0
DLF,2019-05-20,2019-05-30,2600,59800,5,1.0,1.8,1.0,1.4,205.0,173.75,130.0,0.0,0.0,0.0,0.4,0,0,2600
DLF,2019-05-20,2019-05-30,80600,668200,216,0.5,1.15,0.45,1.1,210.0,173.75,135.0,0.8,1.0,0.6,1.0,7,-10400,156000
DLF,2019-05-20,2019-05-30,-2600,101400,1,0.35,0.35,0.35,0.35,215.0,173.75,140.0,0.95,1.45,0.85,0.9,179,-18200,187200
DLF,2019-05-20,2019-05-30,-15600,228800,35,0.4,0.8,0.4,0.6,220.0,173.75,145.0,1.5,1.65,1.2,1.2,21,2600,145600
DLF,2019-05-20,2019-05-30,-62400,592800,494,6.0,9.0,5.8,8.5,175.0,173.75,150.0,1.6,2.75,1.5,1.7,308,-101400,442000
DLF,2019-05-20,2019-05-30,200200,1523600,1352,5.45,6.8,4.0,6.35,180.0,173.75,155.0,2.85,3.6,2.3,2.35,99,-41600,161200
DLF,2019-05-20,2019-05-30,13000,377000,319,3.0,5.1,2.9,4.7,185.0,173.75,160.0,4.3,7.15,3.15,3.5,550,205400,741000
DLF,2019-05-20,2019-05-30,7800,1201200,833,2.5,3.7,1.6,3.45,190.0,173.75,165.0,4.55,6.95,4.55,4.8,365,-80600,283400
DLF,2019-05-20,2019-05-30,31200,195000,161,1.5,3.55,1.5,2.5,195.0,173.75,170.0,10.0,10.0,6.4,6.65,508,132600,481000
DLF,2019-05-20,2019-05-30,5200,5200,2,28.55,28.55,28.55,28.55,145.0,173.75,175.0,11.6,11.75,8.6,9.05,58,2600,205400
DLF,2019-05-20,2019-05-30,0,26000,7,25.85,25.85,24.2,24.9,150.0,173.75,180.0,15.0,15.0,11.4,13.0,18,0,387400
DLF,2019-05-20,2019-05-30,0,2600,0,0.0,0.0,0.0,15.2,155.0,173.75,185.0,15.25,17.15,15.25,15.55,5,2600,41600
DLF,2019-05-20,2019-05-30,-46800,275600,49,19.1,19.1,13.95,17.95,160.0,173.75,190.0,20.9,20.9,20.5,20.5,2,-5200,273000
DLF,2019-05-20,2019-05-30,-109200,140400,165,15.0,15.0,9.8,14.15,165.0,173.75,195.0,27.0,27.0,25.8,25.8,2,0,23400
DLF,2019-05-20,2019-05-30,-374400,943800,640,9.05,11.6,7.85,11.05,170.0,173.75,200.0,29.55,30.0,27.35,28.1,16,-15600,158600
DLF,2019-05-20,2019-05-30,0,0,0,0.0,0.0,0.0,43.45,125.0,173.75,205.0,0.0,0.0,0.0,37.0,0,0,7800
DLF,2019-05-20,2019-05-30,0,0,0,0.0,0.0,0.0,39.2,130.0,173.75,210.0,0.0,0.0,0.0,33.75,0,0,5200
DLF,2019-05-20,2019-05-30,0,0,0,0.0,0.0,0.0,35.15,135.0,173.75,215.0,0.0,0.0,0.0,36.35,0,0,5200
DLF,2019-05-20,2019-05-30,-2600,5200,2,33.15,33.15,33.15,33.15,140.0,173.75,220.0,47.0,47.0,47.0,47.0,4,-10400,31200
DLF,2019-05-20,2019-05-30,0,0,0,0.0,0.0,0.0,66.7,100.0,173.75,225.0,0.0,0.0,0.0,58.05,0,0,0
DLF,2019-05-20,2019-05-30,0,0,0,0.0,0.0,0.0,61.85,105.0,173.75,230.0,0.0,0.0,0.0,64.75,0,0,7800
DLF,2019-05-20,2019-05-30,0,0,0,0.0,0.0,0.0,57.1,110.0,173.75,235.0,0.0,0.0,0.0,57.0,0,0,7800
DLF,2019-05-20,2019-05-30,0,0,0,0.0,0.0,0.0,52.45,115.0,173.75,240.0,0.0,0.0,0.0,73.0,0,0,7800
DLF,2019-05-20,2019-05-30,2600,13000,1,0.35,0.35,0.35,0.35,225.0,173.75,105.0,0.0,0.0,0.0,0.2,0,0,0
DLF,2019-05-21,2019-05-30,0,0,0,0.0,0.0,0.0,66.7,100.0,171.5,100.0,0.0,0.0,0.0,0.1,0,0,7800
DLF,2019-05-21,2019-05-30,0,0,0,0.0,0.0,0.0,61.85,105.0,171.5,245.0,0.0,0.0,0.0,64.0,0,0,2600
DLF,2019-05-21,2019-05-30,0,0,0,0.0,0.0,0.0,57.1,110.0,171.5,110.0,0.0,0.0,0.0,0.35,0,0,0
DLF,2019-05-21,2019-05-30,0,0,0,0.0,0.0,0.0,52.45,115.0,171.5,115.0,0.0,0.0,0.0,0.6,0,0,0
DLF,2019-05-21,2019-05-30,0,0,0,0.0,0.0,0.0,47.85,120.0,171.5,120.0,0.0,0.0,0.0,0.5,0,0,15600
DLF,2019-05-21,2019-05-30,0,0,0,0.0,0.0,0.0,43.45,125.0,171.5,125.0,0.0,0.0,0.0,1.45,0,0,0
DLF,2019-05-21,2019-05-30,0,0,0,0.0,0.0,0.0,39.2,130.0,171.5,130.0,0.0,0.0,0.0,0.4,0,0,2600
DLF,2019-05-21,2019-05-30,0,0,0,0.0,0.0,0.0,35.15,135.0,171.5,135.0,0.95,1.65,0.7,1.3,79,2600,158600
DLF,2019-05-21,2019-05-30,0,5200,0,0.0,0.0,0.0,33.15,140.0,171.5,140.0,1.0,1.75,0.9,1.65,138,2600,189800
DLF,2019-05-21,2019-05-30,0,5200,0,0.0,0.0,0.0,28.55,145.0,171.5,145.0,1.3,2.2,1.3,2.2,14,-2600,143000
DLF,2019-05-21,2019-05-30,5200,31200,3,23.6,24.1,23.25,23.25,150.0,171.5,150.0,1.3,3.15,1.3,2.95,339,228800,670800
DLF,2019-05-21,2019-05-30,0,2600,0,0.0,0.0,0.0,15.2,155.0,171.5,155.0,2.4,3.85,2.4,3.8,122,33800,195000
DLF,2019-05-21,2019-05-30,0,275600,15,17.95,18.0,15.0,16.15,160.0,171.5,160.0,3.55,5.2,3.25,5.05,704,-91000,650000
DLF,2019-05-21,2019-05-30,-2600,137800,19,14.45,16.0,12.7,12.75,165.0,171.5,165.0,4.65,6.9,4.6,6.65,378,109200,392600
DLF,2019-05-21,2019-05-30,-20800,923000,381,11.2,12.9,9.05,10.4,170.0,171.5,170.0,6.5,9.0,6.15,8.65,724,161200,642200
DLF,2019-05-21,2019-05-30,293800,886600,604,8.7,10.25,6.85,8.2,175.0,171.5,175.0,9.2,11.55,8.35,11.1,97,33800,239200
DLF,2019-05-21,2019-05-30,325000,1848600,1289,7.3,7.75,5.0,6.1,180.0,171.5,180.0,12.25,14.5,11.0,13.95,9,2600,390000
DLF,2019-05-21,2019-05-30,67600,444600,307,5.05,5.7,3.65,4.5,185.0,171.5,185.0,16.9,18.2,13.95,16.0,9,2600,44200
DLF,2019-05-21,2019-05-30,106600,1307800,823,3.7,4.35,2.6,3.3,190.0,171.5,190.0,21.5,21.7,21.0,21.0,5,-7800,265200
DLF,2019-05-21,2019-05-30,26000,221000,97,2.6,3.15,1.85,2.45,195.0,171.5,195.0,26.0,26.0,24.4,24.4,2,0,23400
DLF,2019-05-21,2019-05-30,322400,2030600,840,2.05,2.3,1.25,1.75,200.0,171.5,200.0,27.15,30.25,26.9,29.1,7,-5200,153400
DLF,2019-05-21,2019-05-30,15600,75400,38,1.4,1.75,1.1,1.3,205.0,171.5,205.0,0.0,0.0,0.0,37.0,0,0,7800
DLF,2019-05-21,2019-05-30,28600,696800,155,1.2,1.35,0.8,1.0,210.0,171.5,210.0,0.0,0.0,0.0,33.75,0,0,5200
DLF,2019-05-21,2019-05-30,0,101400,0,0.0,0.0,0.0,0.35,215.0,171.5,215.0,0.0,0.0,0.0,36.35,0,0,5200
DLF,2019-05-21,2019-05-30,26000,254800,47,0.5,0.75,0.5,0.55,220.0,171.5,220.0,0.0,0.0,0.0,47.0,0,0,31200
DLF,2019-05-21,2019-05-30,0,13000,0,0.0,0.0,0.0,0.35,225.0,171.5,225.0,0.0,0.0,0.0,58.05,0,0,0
DLF,2019-05-21,2019-05-30,7800,156000,3,0.65,0.65,0.4,0.4,230.0,171.5,230.0,0.0,0.0,0.0,64.75,0,0,7800
DLF,2019-05-21,2019-05-30,0,0,0,0.0,0.0,0.0,1.75,235.0,171.5,235.0,0.0,0.0,0.0,57.0,0,0,7800
DLF,2019-05-21,2019-05-30,5200,106600,3,0.3,0.3,0.3,0.3,240.0,171.5,240.0,0.0,0.0,0.0,73.0,0,0,7800
DLF,2019-05-21,2019-05-30,0,0,0,0.0,0.0,0.0,0.85,245.0,171.5,105.0,0.0,0.0,0.0,0.2,0,0,0
DLF,2019-05-22,2019-05-30,0,0,0,0.0,0.0,0.0,66.7,100.0,173.9,100.0,0.0,0.0,0.0,0.1,0,0,7800
DLF,2019-05-22,2019-05-30,5200,5200,2,0.5,0.6,0.5,0.55,245.0,173.9,245.0,0.0,0.0,0.0,64.0,0,0,2600
DLF,2019-05-22,2019-05-30,0,0,0,0.0,0.0,0.0,57.1,110.0,173.9,110.0,0.0,0.0,0.0,0.35,0,0,0
DLF,2019-05-22,2019-05-30,0,0,0,0.0,0.0,0.0,52.45,115.0,173.9,115.0,0.0,0.0,0.0,0.6,0,0,0
DLF,2019-05-22,2019-05-30,0,0,0,0.0,0.0,0.0,47.85,120.0,173.9,120.0,0.0,0.0,0.0,0.5,0,0,15600
DLF,2019-05-22,2019-05-30,0,0,0,0.0,0.0,0.0,43.45,125.0,173.9,125.0,0.0,0.0,0.0,1.45,0,0,0
DLF,2019-05-22,2019-05-30,0,0,0,0.0,0.0,0.0,39.2,130.0,173.9,130.0,0.0,0.0,0.0,0.4,0,0,2600
DLF,2019-05-22,2019-05-30,0,0,0,0.0,0.0,0.0,35.15,135.0,173.9,135.0,0.65,1.05,0.45,0.85,15,-18200,140400
DLF,2019-05-22,2019-05-30,0,5200,0,0.0,0.0,0.0,33.15,140.0,173.9,140.0,0.7,1.45,0.7,1.2,133,-18200,171600
DLF,2019-05-22,2019-05-30,0,5200,0,0.0,0.0,0.0,28.55,145.0,173.9,145.0,1.2,1.8,1.0,1.6,36,10400,153400
DLF,2019-05-22,2019-05-30,7800,39000,5,30.65,30.65,28.0,28.0,150.0,173.9,150.0,2.15,2.7,1.45,2.15,759,-49400,621400
DLF,2019-05-22,2019-05-30,5200,7800,2,21.9,21.9,21.9,21.9,155.0,173.9,155.0,2.7,3.7,1.9,2.85,266,-33800,161200
DLF,2019-05-22,2019-05-30,-59800,215800,46,21.65,22.5,17.4,17.6,160.0,173.9,160.0,3.95,5.0,2.5,3.85,876,62400,712400
DLF,2019-05-22,2019-05-30,-39000,98800,30,18.15,19.3,14.1,14.25,165.0,173.9,165.0,4.5,6.65,3.45,5.25,512,-10400,382200
DLF,2019-05-22,2019-05-30,15600,938600,357,13.0,15.6,11.15,11.6,170.0,173.9,170.0,7.7,8.85,4.65,7.15,1243,20800,663000
DLF,2019-05-22,2019-05-30,-67600,819000,1177,9.5,12.75,8.65,9.0,175.0,173.9,175.0,9.6,11.5,6.5,9.6,657,80600,319800
DLF,2019-05-22,2019-05-30,504400,2353000,3342,7.3,9.9,6.6,6.9,180.0,173.9,180.0,11.6,14.35,8.5,12.6,364,257400,647400
DLF,2019-05-22,2019-05-30,278200,722800,1154,5.5,7.6,5.05,5.35,185.0,173.9,185.0,13.95,16.45,11.3,15.9,55,98800,143000
DLF,2019-05-22,2019-05-30,119600,1427400,2081,4.05,5.85,3.9,4.15,190.0,173.9,190.0,16.5,20.8,16.15,20.1,12,-2600,262600
DLF,2019-05-22,2019-05-30,85800,306800,412,3.6,4.35,3.05,3.25,195.0,173.9,195.0,19.4,24.8,19.4,23.6,5,-2600,20800
DLF,2019-05-22,2019-05-30,171600,2202200,2205,2.3,3.3,2.1,2.55,200.0,173.9,200.0,26.85,26.85,23.8,24.05,11,-26000,127400
DLF,2019-05-22,2019-05-30,41600,117000,215,3.95,3.95,1.95,2.1,205.0,173.9,205.0,32.7,32.7,31.25,31.75,5,2600,10400
DLF,2019-05-22,2019-05-30,26000,722800,418,1.05,2.0,1.05,1.7,210.0,173.9,210.0,0.0,0.0,0.0,33.75,0,0,5200
DLF,2019-05-22,2019-05-30,-2600,98800,10,1.25,1.45,1.1,1.45,215.0,173.9,215.0,0.0,0.0,0.0,36.35,0,0,5200
DLF,2019-05-22,2019-05-30,353600,608400,402,0.8,1.45,0.8,1.35,220.0,173.9,220.0,0.0,0.0,0.0,47.0,0,0,31200
DLF,2019-05-22,2019-05-30,5200,18200,5,0.8,1.1,0.8,1.1,225.0,173.9,225.0,0.0,0.0,0.0,58.05,0,0,0
DLF,2019-05-22,2019-05-30,46800,202800,34,0.95,1.0,0.6,0.9,230.0,173.9,230.0,0.0,0.0,0.0,64.75,0,0,7800
DLF,2019-05-22,2019-05-30,0,0,0,0.0,0.0,0.0,1.75,235.0,173.9,235.0,0.0,0.0,0.0,57.0,0,0,7800
DLF,2019-05-22,2019-05-30,28600,135200,26,0.7,1.0,0.35,0.8,240.0,173.9,240.0,0.0,0.0,0.0,73.0,0,0,7800
DLF,2019-05-22,2019-05-30,0,0,0,0.0,0.0,0.0,61.85,105.0,173.9,105.0,0.0,0.0,0.0,0.2,0,0,0
DLF,2019-05-23,2019-05-30,0,0,0,0.0,0.0,0.0,66.7,100.0,180.7,100.0,0.0,0.0,0.0,0.1,0,0,7800
DLF,2019-05-23,2019-05-30,0,5200,0,0.0,0.0,0.0,0.55,245.0,180.7,245.0,0.0,0.0,0.0,64.0,0,0,2600
DLF,2019-05-23,2019-05-30,0,0,0,0.0,0.0,0.0,57.1,110.0,180.7,110.0,0.0,0.0,0.0,0.35,0,0,0
DLF,2019-05-23,2019-05-30,0,0,0,0.0,0.0,0.0,52.45,115.0,180.7,115.0,0.0,0.0,0.0,0.6,0,0,0
DLF,2019-05-23,2019-05-30,0,0,0,0.0,0.0,0.0,47.85,120.0,180.7,120.0,0.0,0.0,0.0,0.5,0,0,15600
DLF,2019-05-23,2019-05-30,0,0,0,0.0,0.0,0.0,43.45,125.0,180.7,125.0,0.0,0.0,0.0,1.45,0,0,0
DLF,2019-05-23,2019-05-30,0,0,0,0.0,0.0,0.0,39.2,130.0,180.7,130.0,0.0,0.0,0.0,0.4,0,0,2600
DLF,2019-05-23,2019-05-30,0,0,0,0.0,0.0,0.0,35.15,135.0,180.7,135.0,0.3,0.3,0.1,0.15,39,-75400,65000
DLF,2019-05-23,2019-05-30,0,5200,0,0.0,0.0,0.0,33.15,140.0,180.7,140.0,0.85,0.85,0.15,0.25,50,-18200,153400
DLF,2019-05-23,2019-05-30,0,5200,0,0.0,0.0,0.0,28.55,145.0,180.7,145.0,0.45,0.45,0.15,0.2,5,-2600,150800
DLF,2019-05-23,2019-05-30,-15600,23400,17,26.8,33.25,26.4,30.15,150.0,180.7,150.0,1.4,1.95,0.35,0.45,278,132600,754000
DLF,2019-05-23,2019-05-30,0,7800,0,0.0,0.0,0.0,21.9,155.0,180.7,155.0,2.2,2.2,0.4,0.6,36,-33800,127400
DLF,2019-05-23,2019-05-30,-18200,197600,21,18.45,24.9,18.0,24.9,160.0,180.7,160.0,2.55,3.3,0.4,0.55,804,153400,865800
DLF,2019-05-23,2019-05-30,-39000,59800,29,15.85,19.95,13.55,18.7,165.0,180.7,165.0,2.7,4.3,0.65,0.8,578,83200,465400
DLF,2019-05-23,2019-05-30,-418600,520000,419,14.1,16.55,9.0,12.35,170.0,180.7,170.0,5.25,6.2,1.3,1.55,1633,65000,728000
DLF,2019-05-23,2019-05-30,-361400,457600,600,10.95,12.1,6.05,8.7,175.0,180.7,175.0,7.55,8.55,2.3,2.8,1017,65000,384800
DLF,2019-05-23,2019-05-30,-345800,2007200,2830,8.8,9.0,4.35,5.7,180.0,180.7,180.0,9.85,11.0,3.9,4.7,1014,52000,699400
DLF,2019-05-23,2019-05-30,-7800,715000,1437,6.0,6.25,3.0,3.6,185.0,180.7,185.0,14.25,14.3,6.25,7.7,48,-2600,140400
DLF,2019-05-23,2019-05-30,579800,2007200,2875,4.55,4.55,1.9,2.4,190.0,180.7,190.0,17.85,17.85,9.3,10.6,31,-13000,249600
DLF,2019-05-23,2019-05-30,-54600,252200,219,3.2,3.2,0.6,1.5,195.0,180.7,195.0,16.5,16.5,14.35,14.35,3,0,20800
DLF,2019-05-23,2019-05-30,639600,2841800,2053,2.55,3.0,0.85,1.1,200.0,180.7,200.0,19.7,19.7,19.7,19.7,2,-2600,124800
DLF,2019-05-23,2019-05-30,59800,176800,179,2.4,2.45,0.6,0.75,205.0,180.7,205.0,29.15,29.15,29.15,29.15,1,-2600,7800
DLF,2019-05-23,2019-05-30,-33800,689000,646,0.9,2.45,0.4,0.55,210.0,180.7,210.0,0.0,0.0,0.0,33.75,0,0,5200
DLF,2019-05-23,2019-05-30,-5200,93600,10,1.45,1.45,0.35,0.4,215.0,180.7,215.0,0.0,0.0,0.0,36.35,0,0,5200
DLF,2019-05-23,2019-05-30,808600,1417000,804,2.75,3.1,0.3,0.4,220.0,180.7,220.0,40.0,40.0,40.0,40.0,1,-2600,28600
DLF,2019-05-23,2019-05-30,-2600,15600,3,0.25,0.25,0.25,0.25,225.0,180.7,225.0,0.0,0.0,0.0,58.05,0,0,0
DLF,2019-05-23,2019-05-30,0,202800,48,1.1,1.1,0.15,0.2,230.0,180.7,230.0,49.5,49.5,49.5,49.5,1,0,7800
DLF,2019-05-23,2019-05-30,0,0,0,0.0,0.0,0.0,1.75,235.0,180.7,235.0,0.0,0.0,0.0,57.0,0,0,7800
DLF,2019-05-23,2019-05-30,18200,153400,26,0.35,0.5,0.15,0.2,240.0,180.7,240.0,0.0,0.0,0.0,73.0,0,0,7800
DLF,2019-05-23,2019-05-30,0,0,0,0.0,0.0,0.0,61.85,105.0,180.7,105.0,0.0,0.0,0.0,0.2,0,0,0
DLF,2019-05-24,2019-05-30,0,0,0,0.0,0.0,0.0,66.7,100.0,191.65,100.0,0.0,0.0,0.0,0.1,0,0,7800
DLF,2019-05-24,2019-05-30,0,5200,0,0.0,0.0,0.0,0.55,245.0,191.65,245.0,0.0,0.0,0.0,64.0,0,0,2600
DLF,2019-05-24,2019-05-30,0,0,0,0.0,0.0,0.0,57.1,110.0,191.65,110.0,0.0,0.0,0.0,0.35,0,0,0
DLF,2019-05-24,2019-05-30,0,0,0,0.0,0.0,0.0,52.45,115.0,191.65,115.0,0.0,0.0,0.0,0.6,0,0,0
DLF,2019-05-24,2019-05-30,0,0,0,0.0,0.0,0.0,47.85,120.0,191.65,120.0,0.0,0.0,0.0,0.5,0,0,15600
DLF,2019-05-24,2019-05-30,0,0,0,0.0,0.0,0.0,43.45,125.0,191.65,125.0,0.0,0.0,0.0,1.45,0,0,0
DLF,2019-05-24,2019-05-30,0,0,0,0.0,0.0,0.0,39.2,130.0,191.65,130.0,0.0,0.0,0.0,0.4,0,0,2600
DLF,2019-05-24,2019-05-30,0,0,0,0.0,0.0,0.0,35.15,135.0,191.65,135.0,0.1,0.1,0.05,0.05,4,-5200,59800
DLF,2019-05-24,2019-05-30,0,5200,0,0.0,0.0,0.0,33.15,140.0,191.65,140.0,0.1,0.15,0.05,0.1,43,-18200,135200
DLF,2019-05-24,2019-05-30,0,5200,0,0.0,0.0,0.0,28.55,145.0,191.65,145.0,0.1,0.1,0.1,0.1,8,-10400,140400
DLF,2019-05-24,2019-05-30,-5200,18200,2,43.0,43.0,43.0,43.0,150.0,191.65,150.0,0.3,0.3,0.1,0.15,75,-46800,707200
DLF,2019-05-24,2019-05-30,0,7800,0,0.0,0.0,0.0,21.9,155.0,191.65,155.0,0.3,0.3,0.1,0.1,8,-7800,119600
DLF,2019-05-24,2019-05-30,-7800,189800,10,23.25,27.6,23.25,27.6,160.0,191.65,160.0,0.4,0.45,0.1,0.15,199,-132600,733200
DLF,2019-05-24,2019-05-30,-10400,49400,6,20.0,25.55,19.5,25.55,165.0,191.65,165.0,0.5,0.6,0.15,0.2,195,-215800,249600
DLF,2019-05-24,2019-05-30,-228800,291200,199,14.0,23.4,14.0,21.5,170.0,191.65,170.0,1.4,1.4,0.2,0.25,935,88400,816400
DLF,2019-05-24,2019-05-30,-156000,301600,215,10.5,18.0,9.8,17.0,175.0,191.65,175.0,2.2,2.2,0.35,0.5,575,161200,546000
DLF,2019-05-24,2019-05-30,-1357200,650000,1345,8.0,14.0,5.7,12.5,180.0,191.65,180.0,3.15,3.75,0.7,0.9,2062,260000,959400
DLF,2019-05-24,2019-05-30,-330200,384800,910,3.8,9.55,3.8,8.35,185.0,191.65,185.0,6.0,6.0,1.4,1.7,884,390000,530400
DLF,2019-05-24,2019-05-30,-413400,1593800,3418,2.85,6.15,2.35,4.85,190.0,191.65,190.0,8.65,8.65,2.65,3.15,807,400400,650000
DLF,2019-05-24,2019-05-30,382200,634400,1333,2.1,3.7,1.45,2.75,195.0,191.65,195.0,12.5,12.5,4.95,5.4,15,5200,26000
DLF,2019-05-24,2019-05-30,-891800,1950000,2518,1.3,2.05,0.75,1.5,200.0,191.65,200.0,15.9,15.9,8.5,9.25,40,-57200,67600
DLF,2019-05-24,2019-05-30,72800,249600,391,0.95,1.15,0.45,0.8,205.0,191.65,205.0,19.7,19.7,19.7,19.7,1,0,7800
DLF,2019-05-24,2019-05-30,41600,730600,607,0.5,0.65,0.25,0.55,210.0,191.65,210.0,23.55,23.55,23.55,23.55,1,0,5200
DLF,2019-05-24,2019-05-30,2600,96200,21,0.4,0.4,0.25,0.35,215.0,191.65,215.0,0.0,0.0,0.0,36.35,0,0,5200
DLF,2019-05-24,2019-05-30,-275600,1141400,658,0.35,0.35,0.15,0.3,220.0,191.65,220.0,0.0,0.0,0.0,40.0,0,0,28600
DLF,2019-05-24,2019-05-30,5200,20800,4,0.25,0.25,0.25,0.25,225.0,191.65,225.0,0.0,0.0,0.0,58.05,0,0,0
DLF,2019-05-24,2019-05-30,0,202800,12,0.15,0.15,0.15,0.15,230.0,191.65,230.0,0.0,0.0,0.0,49.5,0,0,7800
DLF,2019-05-24,2019-05-30,0,0,0,0.0,0.0,0.0,1.75,235.0,191.65,235.0,0.0,0.0,0.0,57.0,0,0,7800
DLF,2019-05-24,2019-05-30,-23400,130000,34,0.15,0.15,0.1,0.1,240.0,191.65,240.0,0.0,0.0,0.0,73.0,0,0,7800
DLF,2019-05-24,2019-05-30,0,0,0,0.0,0.0,0.0,61.85,105.0,191.65,105.0,0.0,0.0,0.0,0.2,0,0,0
DLF,2019-05-27,2019-05-30,0,0,0,0.0,0.0,0.0,66.7,100.0,197.0,100.0,0.0,0.0,0.0,0.1,0,0,7800
DLF,2019-05-27,2019-05-30,0,5200,1,0.1,0.1,0.1,0.1,245.0,197.0,245.0,51.1,51.1,51.1,51.1,1,0,2600
DLF,2019-05-27,2019-05-30,0,0,0,0.0,0.0,0.0,57.1,110.0,197.0,110.0,0.0,0.0,0.0,0.35,0,0,0
DLF,2019-05-27,2019-05-30,0,0,0,0.0,0.0,0.0,52.45,115.0,197.0,115.0,0.0,0.0,0.0,0.6,0,0,0
DLF,2019-05-27,2019-05-30,0,0,0,0.0,0.0,0.0,47.85,120.0,197.0,120.0,0.0,0.0,0.0,0.5,0,0,15600
DLF,2019-05-27,2019-05-30,0,0,0,0.0,0.0,0.0,43.45,125.0,197.0,125.0,0.0,0.0,0.0,1.45,0,0,0
DLF,2019-05-27,2019-05-30,0,0,0,0.0,0.0,0.0,39.2,130.0,197.0,130.0,0.0,0.0,0.0,0.4,0,0,2600
DLF,2019-05-27,2019-05-30,0,0,0,0.0,0.0,0.0,35.15,135.0,197.0,135.0,0.05,0.05,0.05,0.05,1,-2600,57200
DLF,2019-05-27,2019-05-30,0,5200,0,0.0,0.0,0.0,33.15,140.0,197.0,140.0,0.05,0.05,0.05,0.05,3,-7800,127400
DLF,2019-05-27,2019-05-30,0,5200,0,0.0,0.0,0.0,28.55,145.0,197.0,145.0,0.1,0.1,0.1,0.1,8,-18200,122200
DLF,2019-05-27,2019-05-30,0,18200,0,0.0,0.0,0.0,43.0,150.0,197.0,150.0,0.1,0.1,0.05,0.1,44,-72800,634400
DLF,2019-05-27,2019-05-30,-2600,5200,1,41.0,41.0,41.0,41.0,155.0,197.0,155.0,0.05,0.15,0.05,0.05,7,5200,124800
DLF,2019-05-27,2019-05-30,0,189800,4,31.75,38.75,31.75,38.75,160.0,197.0,160.0,0.15,0.2,0.05,0.1,57,-78000,655200
DLF,2019-05-27,2019-05-30,-7800,41600,11,24.0,34.0,24.0,33.8,165.0,197.0,165.0,0.1,0.3,0.1,0.1,19,-2600,247000
DLF,2019-05-27,2019-05-30,-57200,234000,43,23.5,29.95,20.55,27.05,170.0,197.0,170.0,0.2,0.3,0.15,0.25,62,-59800,756600
DLF,2019-05-27,2019-05-30,-137800,163800,76,18.15,25.0,16.15,22.05,175.0,197.0,175.0,0.3,0.45,0.2,0.25,156,-182000,364000
DLF,2019-05-27,2019-05-30,-135200,514800,166,12.0,20.0,11.15,17.35,180.0,197.0,180.0,0.85,0.85,0.3,0.45,595,-46800,912600
DLF,2019-05-27,2019-05-30,-85800,299000,82,7.5,15.0,6.95,13.05,185.0,197.0,185.0,1.9,1.9,0.5,0.8,610,137800,668200
DLF,2019-05-27,2019-05-30,-650000,943800,973,5.0,10.7,3.8,8.55,190.0,197.0,190.0,3.0,3.55,0.95,1.5,1511,226200,876200
DLF,2019-05-27,2019-05-30,57200,691600,1576,3.25,6.9,2.15,4.35,195.0,197.0,195.0,4.8,5.9,1.9,2.8,759,379600,405600
DLF,2019-05-27,2019-05-30,345800,2295800,3319,1.25,4.1,1.05,2.4,200.0,197.0,200.0,8.0,10.05,3.8,5.55,245,192400,260000
DLF,2019-05-27,2019-05-30,187200,436800,865,0.95,2.15,0.45,1.3,205.0,197.0,205.0,0.0,0.0,0.0,19.7,0,0,7800
DLF,2019-05-27,2019-05-30,158600,889200,725,0.5,1.1,0.3,0.7,210.0,197.0,210.0,0.0,0.0,0.0,23.55,0,0,5200
DLF,2019-05-27,2019-05-30,137800,234000,153,0.25,0.6,0.25,0.4,215.0,197.0,215.0,16.2,16.2,16.2,16.2,1,0,5200
DLF,2019-05-27,2019-05-30,-15600,1125800,315,0.3,0.45,0.2,0.3,220.0,197.0,220.0,24.5,25.0,21.1,21.1,4,-7800,20800
DLF,2019-05-27,2019-05-30,0,20800,0,0.0,0.0,0.0,0.25,225.0,197.0,225.0,0.0,0.0,0.0,58.05,0,0,0
DLF,2019-05-27,2019-05-30,-10400,192400,7,0.15,0.15,0.1,0.15,230.0,197.0,230.0,0.0,0.0,0.0,49.5,0,0,7800
DLF,2019-05-27,2019-05-30,0,0,0,0.0,0.0,0.0,1.75,235.0,197.0,235.0,0.0,0.0,0.0,57.0,0,0,7800
DLF,2019-05-27,2019-05-30,-2600,127400,4,0.1,0.15,0.1,0.15,240.0,197.0,240.0,43.5,43.5,43.5,43.5,1,-2600,5200
DLF,2019-05-27,2019-05-30,0,0,0,0.0,0.0,0.0,61.85,105.0,197.0,105.0,0.0,0.0,0.0,0.2,0,0,0
DLF,2019-05-28,2019-05-30,0,0,0,0.0,0.0,0.0,66.7,100.0,195.4,100.0,0.0,0.0,0.0,0.1,0,0,7800
DLF,2019-05-28,2019-05-30,0,5200,0,0.0,0.0,0.0,0.1,245.0,195.4,245.0,0.0,0.0,0.0,51.1,0,0,2600
DLF,2019-05-28,2019-05-30,0,0,0,0.0,0.0,0.0,57.1,110.0,195.4,110.0,0.0,0.0,0.0,0.35,0,0,0
DLF,2019-05-28,2019-05-30,0,0,0,0.0,0.0,0.0,52.45,115.0,195.4,115.0,0.0,0.0,0.0,0.6,0,0,0
DLF,2019-05-28,2019-05-30,0,0,0,0.0,0.0,0.0,47.85,120.0,195.4,120.0,0.0,0.0,0.0,0.5,0,0,15600
DLF,2019-05-28,2019-05-30,0,0,0,0.0,0.0,0.0,43.45,125.0,195.4,125.0,0.0,0.0,0.0,1.45,0,0,0
DLF,2019-05-28,2019-05-30,0,0,0,0.0,0.0,0.0,39.2,130.0,195.4,130.0,0.0,0.0,0.0,0.4,0,0,2600
DLF,2019-05-28,2019-05-30,0,0,0,0.0,0.0,0.0,35.15,135.0,195.4,135.0,0.0,0.0,0.0,0.05,0,0,57200
DLF,2019-05-28,2019-05-30,0,5200,0,0.0,0.0,0.0,33.15,140.0,195.4,140.0,0.05,0.1,0.05,0.05,4,-10400,117000
DLF,2019-05-28,2019-05-30,0,5200,0,0.0,0.0,0.0,28.55,145.0,195.4,145.0,0.05,0.05,0.05,0.05,3,-2600,119600
DLF,2019-05-28,2019-05-30,0,18200,0,0.0,0.0,0.0,43.0,150.0,195.4,150.0,0.05,0.1,0.05,0.05,26,-65000,569400
DLF,2019-05-28,2019-05-30,0,5200,0,0.0,0.0,0.0,41.0,155.0,195.4,155.0,0.05,0.05,0.05,0.05,5,-13000,111800
DLF,2019-05-28,2019-05-30,0,189800,0,0.0,0.0,0.0,38.75,160.0,195.4,160.0,0.05,0.05,0.05,0.05,94,-143000,512200
DLF,2019-05-28,2019-05-30,-2600,39000,2,29.65,29.65,29.0,29.0,165.0,195.4,165.0,0.05,0.1,0.05,0.1,2,0,247000
DLF,2019-05-28,2019-05-30,-132600,101400,56,25.0,26.6,22.0,26.6,170.0,195.4,170.0,0.2,0.3,0.1,0.15,66,-80600,676000
DLF,2019-05-28,2019-05-30,-18200,145600,21,20.0,21.5,17.0,21.3,175.0,195.4,175.0,0.2,0.4,0.2,0.25,35,-5200,358800
DLF,2019-05-28,2019-05-30,-5200,509600,33,16.55,16.65,12.8,15.7,180.0,195.4,180.0,0.45,0.7,0.2,0.25,344,26000,938600
DLF,2019-05-28,2019-05-30,-7800,291200,44,9.85,12.4,7.9,11.15,185.0,195.4,185.0,0.9,1.5,0.55,0.7,376,-23400,644800
DLF,2019-05-28,2019-05-30,-111800,832000,231,6.5,8.55,4.5,6.7,190.0,195.4,190.0,1.65,3.0,1.15,1.35,887,0,876200
DLF,2019-05-28,2019-05-30,91000,782600,1023,4.35,5.15,2.2,3.45,195.0,195.4,195.0,2.85,5.5,2.55,2.85,463,-54600,351000
DLF,2019-05-28,2019-05-30,49400,2345200,1516,2.45,2.65,1.2,1.5,200.0,195.4,200.0,6.95,9.4,5.4,6.05,57,-46800,213200
DLF,2019-05-28,2019-05-30,135200,572000,467,1.4,1.4,0.5,0.6,205.0,195.4,205.0,11.55,11.55,10.0,11.3,4,0,7800
DLF,2019-05-28,2019-05-30,-208000,681200,410,0.55,0.55,0.25,0.3,210.0,195.4,210.0,15.55,15.55,15.55,15.55,1,0,5200
DLF,2019-05-28,2019-05-30,-114400,119600,83,0.25,0.25,0.15,0.15,215.0,195.4,215.0,0.0,0.0,0.0,16.2,0,0,5200
DLF,2019-05-28,2019-05-30,-49400,1076400,56,0.2,0.2,0.1,0.2,220.0,195.4,220.0,26.0,26.0,23.65,23.65,3,2600,23400
DLF,2019-05-28,2019-05-30,0,20800,0,0.0,0.0,0.0,0.25,225.0,195.4,225.0,0.0,0.0,0.0,58.05,0,0,0
DLF,2019-05-28,2019-05-30,0,192400,0,0.0,0.0,0.0,0.15,230.0,195.4,230.0,0.0,0.0,0.0,49.5,0,0,7800
DLF,2019-05-28,2019-05-30,0,0,0,0.0,0.0,0.0,1.75,235.0,195.4,235.0,0.0,0.0,0.0,57.0,0,0,7800
DLF,2019-05-28,2019-05-30,-13000,114400,8,0.05,0.1,0.05,0.1,240.0,195.4,240.0,46.0,46.0,46.0,46.0,1,0,5200
DLF,2019-05-28,2019-05-30,0,0,0,0.0,0.0,0.0,61.85,105.0,195.4,105.0,0.0,0.0,0.0,0.2,0,0,0
DLF,2019-05-29,2019-05-30,0,0,0,0.0,0.0,0.0,66.7,100.0,193.7,100.0,0.0,0.0,0.0,0.1,0,0,7800
DLF,2019-05-29,2019-05-30,0,5200,0,0.0,0.0,0.0,0.1,245.0,193.7,245.0,0.0,0.0,0.0,51.1,0,0,2600
DLF,2019-05-29,2019-05-30,0,0,0,0.0,0.0,0.0,57.1,110.0,193.7,110.0,0.0,0.0,0.0,0.35,0,0,0
DLF,2019-05-29,2019-05-30,0,0,0,0.0,0.0,0.0,52.45,115.0,193.7,115.0,0.0,0.0,0.0,0.6,0,0,0
DLF,2019-05-29,2019-05-30,0,0,0,0.0,0.0,0.0,47.85,120.0,193.7,120.0,0.0,0.0,0.0,0.5,0,0,15600
DLF,2019-05-29,2019-05-30,0,0,0,0.0,0.0,0.0,43.45,125.0,193.7,125.0,0.0,0.0,0.0,1.45,0,0,0
DLF,2019-05-29,2019-05-30,0,0,0,0.0,0.0,0.0,39.2,130.0,193.7,130.0,0.0,0.0,0.0,0.4,0,0,2600
DLF,2019-05-29,2019-05-30,0,0,0,0.0,0.0,0.0,35.15,135.0,193.7,135.0,0.05,0.05,0.05,0.05,2,-5200,52000
DLF,2019-05-29,2019-05-30,0,5200,0,0.0,0.0,0.0,33.15,140.0,193.7,140.0,0.1,0.1,0.05,0.05,15,0,117000
DLF,2019-05-29,2019-05-30,0,5200,0,0.0,0.0,0.0,28.55,145.0,193.7,145.0,0.05,0.05,0.05,0.05,5,0,119600
DLF,2019-05-29,2019-05-30,0,18200,0,0.0,0.0,0.0,43.0,150.0,193.7,150.0,0.05,0.05,0.05,0.05,27,-7800,561600
DLF,2019-05-29,2019-05-30,0,5200,0,0.0,0.0,0.0,41.0,155.0,193.7,155.0,0.0,0.0,0.0,0.05,0,0,111800
DLF,2019-05-29,2019-05-30,-7800,182000,3,36.5,36.5,35.2,35.3,160.0,193.7,160.0,0.05,0.1,0.05,0.05,50,-124800,387400
DLF,2019-05-29,2019-05-30,-2600,36400,1,30.75,30.75,30.75,30.75,165.0,193.7,165.0,0.1,0.1,0.05,0.05,4,-10400,236600
DLF,2019-05-29,2019-05-30,-7800,93600,11,23.25,25.0,23.25,24.55,170.0,193.7,170.0,0.2,0.2,0.05,0.05,38,-62400,613600
DLF,2019-05-29,2019-05-30,-5200,140400,7,18.5,21.0,17.0,21.0,175.0,193.7,175.0,0.1,0.1,0.05,0.1,27,-31200,327600
DLF,2019-05-29,2019-05-30,-52000,457600,41,14.0,16.75,12.35,13.65,180.0,193.7,180.0,0.2,0.25,0.1,0.15,251,-283400,655200
DLF,2019-05-29,2019-05-30,-39000,252200,32,9.95,11.0,8.25,8.65,185.0,193.7,185.0,0.6,0.8,0.2,0.3,638,-132600,512200
DLF,2019-05-29,2019-05-30,-44200,787800,181,5.3,7.5,3.85,4.6,190.0,193.7,190.0,1.35,2.05,0.6,0.95,1143,26000,902200
DLF,2019-05-29,2019-05-30,299000,1081600,1584,2.9,3.85,1.2,1.6,195.0,193.7,195.0,3.7,4.55,1.65,2.85,714,44200,395200
DLF,2019-05-29,2019-05-30,59800,2405000,1956,1.3,1.6,0.4,0.55,200.0,193.7,200.0,6.55,8.0,4.15,6.4,50,-52000,161200
DLF,2019-05-29,2019-05-30,-184600,387400,601,0.5,0.6,0.15,0.2,205.0,193.7,205.0,10.9,12.55,10.9,12.55,2,-2600,5200
DLF,2019-05-29,2019-05-30,-153400,527800,275,0.2,0.25,0.1,0.1,210.0,193.7,210.0,0.0,0.0,0.0,15.55,0,0,5200
DLF,2019-05-29,2019-05-30,-57200,62400,71,0.1,0.15,0.05,0.1,215.0,193.7,215.0,0.0,0.0,0.0,16.2,0,0,5200
DLF,2019-05-29,2019-05-30,-70200,1006200,64,0.1,0.1,0.05,0.05,220.0,193.7,220.0,25.85,25.85,25.0,25.0,2,-5200,18200
DLF,2019-05-29,2019-05-30,-5200,15600,4,0.05,0.05,0.05,0.05,225.0,193.7,225.0,0.0,0.0,0.0,58.05,0,0,0
DLF,2019-05-29,2019-05-30,-2600,189800,5,0.05,0.05,0.05,0.05,230.0,193.7,230.0,35.75,36.0,35.75,36.0,2,-2600,5200
DLF,2019-05-29,2019-05-30,0,0,0,0.0,0.0,0.0,1.75,235.0,193.7,235.0,0.0,0.0,0.0,57.0,0,0,7800
DLF,2019-05-29,2019-05-30,-2600,111800,1,0.05,0.05,0.05,0.05,240.0,193.7,240.0,0.0,0.0,0.0,46.0,0,0,5200
DLF,2019-05-29,2019-05-30,0,0,0,0.0,0.0,0.0,61.85,105.0,193.7,105.0,0.0,0.0,0.0,0.2,0,0,0
DLF,2019-05-30,2019-05-30,0,0,0,0.0,0.0,0.0,66.7,100.0,194.7,100.0,0.05,0.05,0.05,0.05,1,2600,10400
DLF,2019-05-30,2019-05-30,0,5200,0,0.0,0.0,0.0,0.1,245.0,194.7,245.0,0.0,0.0,0.0,51.1,0,0,2600
DLF,2019-05-30,2019-05-30,0,0,0,0.0,0.0,0.0,57.1,110.0,194.7,110.0,0.0,0.0,0.0,0.35,0,0,0
DLF,2019-05-30,2019-05-30,0,0,0,0.0,0.0,0.0,52.45,115.0,194.7,115.0,0.0,0.0,0.0,0.6,0,0,0
DLF,2019-05-30,2019-05-30,0,0,0,0.0,0.0,0.0,47.85,120.0,194.7,120.0,0.0,0.0,0.0,0.5,0,0,15600
DLF,2019-05-30,2019-05-30,0,0,0,0.0,0.0,0.0,43.45,125.0,194.7,125.0,0.0,0.0,0.0,1.45,0,0,0
DLF,2019-05-30,2019-05-30,0,0,0,0.0,0.0,0.0,39.2,130.0,194.7,130.0,0.0,0.0,0.0,0.4,0,0,2600
DLF,2019-05-30,2019-05-30,0,0,0,0.0,0.0,0.0,35.15,135.0,194.7,135.0,0.0,0.0,0.0,0.05,0,0,52000
DLF,2019-05-30,2019-05-30,0,5200,0,0.0,0.0,0.0,33.15,140.0,194.7,140.0,0.0,0.0,0.0,0.05,0,0,117000
DLF,2019-05-30,2019-05-30,0,5200,0,0.0,0.0,0.0,28.55,145.0,194.7,145.0,0.0,0.0,0.0,0.05,0,0,119600
DLF,2019-05-30,2019-05-30,0,18200,1,44.0,44.0,44.0,44.0,150.0,194.7,150.0,0.05,0.05,0.05,0.05,2,5200,566800
DLF,2019-05-30,2019-05-30,0,5200,0,0.0,0.0,0.0,41.0,155.0,194.7,155.0,0.0,0.0,0.0,0.05,0,0,111800
DLF,2019-05-30,2019-05-30,0,182000,1,34.65,34.65,34.65,34.65,160.0,194.7,160.0,0.05,0.05,0.05,0.05,8,7800,395200
DLF,2019-05-30,2019-05-30,0,36400,2,27.0,28.0,27.0,28.0,165.0,194.7,165.0,0.05,0.05,0.05,0.05,24,-23400,213200
DLF,2019-05-30,2019-05-30,-18200,75400,13,24.0,24.0,21.1,24.0,170.0,194.7,170.0,0.05,0.05,0.05,0.05,115,5200,618800
DLF,2019-05-30,2019-05-30,-31200,109200,17,19.4,20.0,16.0,20.0,175.0,194.7,175.0,0.05,0.1,0.05,0.05,15,-18200,309400
DLF,2019-05-30,2019-05-30,-93600,364000,125,15.0,15.0,9.6,14.1,180.0,194.7,180.0,0.05,0.1,0.05,0.05,70,-59800,595400
DLF,2019-05-30,2019-05-30,-52000,200200,107,9.65,10.1,6.0,9.0,185.0,194.7,185.0,0.15,0.3,0.05,0.05,223,-114400,397800
DLF,2019-05-30,2019-05-30,-278200,509600,529,5.65,6.6,1.05,4.15,190.0,194.7,190.0,0.4,0.95,0.05,0.05,1141,-293800,608400
DLF,2019-05-30,2019-05-30,-460200,621400,1560,2.05,2.5,0.05,0.2,195.0,194.7,195.0,2.0,4.3,0.05,0.65,451,-163800,231400
DLF,2019-05-30,2019-05-30,-605800,1799200,1466,0.85,0.9,0.05,0.05,200.0,194.7,200.0,6.0,9.45,5.0,5.75,69,-70200,91000
DLF,2019-05-30,2019-05-30,59800,447200,187,0.15,0.25,0.05,0.05,205.0,194.7,205.0,11.85,13.55,11.25,13.55,3,0,5200
DLF,2019-05-30,2019-05-30,39000,566800,39,0.05,0.1,0.05,0.05,210.0,194.7,210.0,16.0,17.6,15.75,15.75,4,2600,7800
DLF,2019-05-30,2019-05-30,5200,67600,3,0.05,0.05,0.05,0.05,215.0,194.7,215.0,21.0,22.35,21.0,22.35,2,2600,7800
DLF,2019-05-30,2019-05-30,0,1006200,18,0.05,0.05,0.05,0.05,220.0,194.7,220.0,28.0,28.0,28.0,28.0,1,-2600,15600
DLF,2019-05-30,2019-05-30,0,15600,0,0.0,0.0,0.0,0.05,225.0,194.7,225.0,0.0,0.0,0.0,58.05,0,0,0
DLF,2019-05-30,2019-05-30,5200,195000,2,0.05,0.05,0.05,0.05,230.0,194.7,230.0,37.4,37.4,37.4,37.4,2,0,5200
DLF,2019-05-30,2019-05-30,0,0,0,0.0,0.0,0.0,1.75,235.0,194.7,235.0,0.0,0.0,0.0,57.0,0,0,7800
DLF,2019-05-30,2019-05-30,0,111800,0,0.0,0.0,0.0,0.05,240.0,194.7,240.0,45.25,45.25,45.25,45.25,1,-2600,2600
DLF,2019-05-30,2019-05-30,0,0,0,0.0,0.0,0.0,61.85,105.0,194.7,105.0,0.0,0.0,0.0,0.2,0,0,0
